აბაშიძე ზურაბ	ზურაბ	აბაშიძე	http://parliament.ge//index.php?option=com_k2&amp;view=item&amp;id=175:abashidze-zurab&amp;Itemid=129&amp;lang=ge	https://declaration.gov.ge/declaration.php?id=43996	80	1	http://ka.wikipedia.org/w/index.php?search=აბაშიძე%20ზურაბ	https://twitter.com/search?q=აბაშიძე%20ზურაბ	http://www.facebook.com/search.php?q=აბაშიძე%20ზურაბ	https://www.linkedin.com/vsearch/p?type=people&amp;keywords=აბაშიძე%20ზურაბ 
აგულაშვილი გიგლა	გიგლა	აგულაშვილი	http://parliament.ge//index.php?option=com_k2&amp;view=item&amp;id=188:agulashvili-gigla&amp;Itemid=129&amp;lang=ge	https://declaration.gov.ge/declaration.php?id=43997	67	1	http://ka.wikipedia.org/w/index.php?search=აგულაშვილი%20გიგლა	https://twitter.com/search?q=აგულაშვილი%20გიგლა	http://www.facebook.com/search.php?q=აგულაშვილი%20გიგლა	https://www.linkedin.com/vsearch/p?type=people&amp;keywords=აგულაშვილი%20გიგლა 
ახალაია როლანდ	როლანდ	ახალაია	http://parliament.ge//index.php?option=com_k2&amp;view=item&amp;id=187:akhalaia-roland&amp;Itemid=129&amp;lang=ge	https://declaration.gov.ge/declaration.php?id=45803	223	1	http://ka.wikipedia.org/w/index.php?search=ახალაია%20როლანდ	https://twitter.com/search?q=ახალაია%20როლანდ	http://www.facebook.com/search.php?q=ახალაია%20როლანდ	https://www.linkedin.com/vsearch/p?type=people&amp;keywords=ახალაია%20როლანდ 
ავდალიანი თამაზ	თამაზ	ავდალიანი	http://parliament.ge//index.php?option=com_k2&amp;view=item&amp;id=241:avdaliani-tamaz&amp;Itemid=129&amp;lang=ge	https://declaration.gov.ge/declaration.php?id=43998	80	1	http://ka.wikipedia.org/w/index.php?search=ავდალიანი%20თამაზ	https://twitter.com/search?q=ავდალიანი%20თამაზ	http://www.facebook.com/search.php?q=ავდალიანი%20თამაზ	https://www.linkedin.com/vsearch/p?type=people&amp;keywords=ავდალიანი%20თამაზ 
ბაქრაძე დავით	დავით	ბაქრაძე	http://parliament.ge//index.php?option=com_k2&amp;view=item&amp;id=11:bakradze-david&amp;Itemid=129&amp;lang=ge	https://declaration.gov.ge/declaration.php?id=45957	235	4	http://ka.wikipedia.org/w/index.php?search=ბაქრაძე%20დავით	https://twitter.com/search?q=ბაქრაძე%20დავით	http://www.facebook.com/search.php?q=ბაქრაძე%20დავით	https://www.linkedin.com/vsearch/p?type=people&amp;keywords=ბაქრაძე%20დავით 
ბარამიძე გიორგი	გიორგი	ბარამიძე	http://parliament.ge//index.php?option=com_k2&amp;view=item&amp;id=191:baramidze-giorgi&amp;Itemid=129&amp;lang=ge	https://declaration.gov.ge/declaration.php?id=45794	229	1	http://ka.wikipedia.org/w/index.php?search=ბარამიძე%20გიორგი	https://twitter.com/search?q=ბარამიძე%20გიორგი	http://www.facebook.com/search.php?q=ბარამიძე%20გიორგი	https://www.linkedin.com/vsearch/p?type=people&amp;keywords=ბარამიძე%20გიორგი 
ბარათაშვილი პაატა	პაატა	ბარათაშვილი	http://parliament.ge//index.php?option=com_k2&amp;view=item&amp;id=190:baratashvili-paata&amp;Itemid=129&amp;lang=ge	https://declaration.gov.ge/declaration.php?id=47760	409	2	http://ka.wikipedia.org/w/index.php?search=ბარათაშვილი%20პაატა	https://twitter.com/search?q=ბარათაშვილი%20პაატა	http://www.facebook.com/search.php?q=ბარათაშვილი%20პაატა	https://www.linkedin.com/vsearch/p?type=people&amp;keywords=ბარათაშვილი%20პაატა 
ბაშელეიშვილი დემურ	დემურ	ბაშელეიშვილი	http://parliament.ge//index.php?option=com_k2&amp;view=item&amp;id=193:basheleishvili-demur&amp;Itemid=129&amp;lang=ge	https://declaration.gov.ge/declaration.php?id=44001	63	1	http://ka.wikipedia.org/w/index.php?search=ბაშელეიშვილი%20დემურ	https://twitter.com/search?q=ბაშელეიშვილი%20დემურ	http://www.facebook.com/search.php?q=ბაშელეიშვილი%20დემურ	https://www.linkedin.com/vsearch/p?type=people&amp;keywords=ბაშელეიშვილი%20დემურ 
ბერძენიშვილი დავით	დავით	ბერძენიშვილი	http://parliament.ge//index.php?option=com_k2&amp;view=item&amp;id=194:berdzenishvili-david&amp;Itemid=129&amp;lang=ge	https://declaration.gov.ge/declaration.php?id=47587	403	2	http://ka.wikipedia.org/w/index.php?search=ბერძენიშვილი%20დავით	https://twitter.com/search?q=ბერძენიშვილი%20დავით	http://www.facebook.com/search.php?q=ბერძენიშვილი%20დავით	https://www.linkedin.com/vsearch/p?type=people&amp;keywords=ბერძენიშვილი%20დავით 
ბერძენიშვილი ლევან	ლევან	ბერძენიშვილი	http://parliament.ge//index.php?option=com_k2&amp;view=item&amp;id=195:berdzenishvili-levan&amp;Itemid=129&amp;lang=ge	https://declaration.gov.ge/declaration.php?id=47738	403	2	http://ka.wikipedia.org/w/index.php?search=ბერძენიშვილი%20ლევან	https://twitter.com/search?q=ბერძენიშვილი%20ლევან	http://www.facebook.com/search.php?q=ბერძენიშვილი%20ლევან	https://www.linkedin.com/vsearch/p?type=people&amp;keywords=ბერძენიშვილი%20ლევან 
ბესელია ეკა	ეკა	ბესელია	http://parliament.ge//index.php?option=com_k2&amp;view=item&amp;id=144:beselia-eka&amp;Itemid=129&amp;lang=ge	https://declaration.gov.ge/declaration.php?id=44003	79	1	http://ka.wikipedia.org/w/index.php?search=ბესელია%20ეკა	https://twitter.com/search?q=ბესელია%20ეკა	http://www.facebook.com/search.php?q=ბესელია%20ეკა	https://www.linkedin.com/vsearch/p?type=people&amp;keywords=ბესელია%20ეკა 
ბეჟაშვილი ლევან	ლევან	ბეჟაშვილი	http://parliament.ge//index.php?option=com_k2&amp;view=item&amp;id=245:bezhashvili-levan&amp;Itemid=129&amp;lang=ge	https://declaration.gov.ge/declaration.php?id=45979	236	1	http://ka.wikipedia.org/w/index.php?search=ბეჟაშვილი%20ლევან	https://twitter.com/search?q=ბეჟაშვილი%20ლევან	http://www.facebook.com/search.php?q=ბეჟაშვილი%20ლევან	https://www.linkedin.com/vsearch/p?type=people&amp;keywords=ბეჟაშვილი%20ლევან 
ბეჟუაშვილი დავით	დავით	ბეჟუაშვილი	http://parliament.ge//index.php?option=com_k2&amp;view=item&amp;id=15:bezhuashvili-david&amp;Itemid=129&amp;lang=ge	https://declaration.gov.ge/declaration.php?id=46053	238	4	http://ka.wikipedia.org/w/index.php?search=ბეჟუაშვილი%20დავით	https://twitter.com/search?q=ბეჟუაშვილი%20დავით	http://www.facebook.com/search.php?q=ბეჟუაშვილი%20დავით	https://www.linkedin.com/vsearch/p?type=people&amp;keywords=ბეჟუაშვილი%20დავით 
ბობოხიძე აკაკი	აკაკი	ბობოხიძე	http://parliament.ge//index.php?option=com_k2&amp;view=item&amp;id=16:bobokhidze-akaki&amp;Itemid=129&amp;lang=ge	https://declaration.gov.ge/declaration.php?id=45894	224	4	http://ka.wikipedia.org/w/index.php?search=ბობოხიძე%20აკაკი	https://twitter.com/search?q=ბობოხიძე%20აკაკი	http://www.facebook.com/search.php?q=ბობოხიძე%20აკაკი	https://www.linkedin.com/vsearch/p?type=people&amp;keywords=ბობოხიძე%20აკაკი 
ბოკუჩავა თინათინ	თინათინ	ბოკუჩავა	http://parliament.ge//index.php?option=com_k2&amp;view=item&amp;id=196:bokuchava-tinatin&amp;Itemid=129&amp;lang=ge	https://declaration.gov.ge/declaration.php?id=46340	254	1	http://ka.wikipedia.org/w/index.php?search=ბოკუჩავა%20თინათინ	https://twitter.com/search?q=ბოკუჩავა%20თინათინ	http://www.facebook.com/search.php?q=ბოკუჩავა%20თინათინ	https://www.linkedin.com/vsearch/p?type=people&amp;keywords=ბოკუჩავა%20თინათინ 
ბოლქვაძე ანზორ	ანზორ	ბოლქვაძე	http://parliament.ge//index.php?option=com_k2&amp;view=item&amp;id=17:bolkvadze-anzor&amp;Itemid=129&amp;lang=ge	https://declaration.gov.ge/declaration.php?id=45697	219	4	http://ka.wikipedia.org/w/index.php?search=ბოლქვაძე%20ანზორ	https://twitter.com/search?q=ბოლქვაძე%20ანზორ	http://www.facebook.com/search.php?q=ბოლქვაძე%20ანზორ	https://www.linkedin.com/vsearch/p?type=people&amp;keywords=ბოლქვაძე%20ანზორ 
ბუკია გიგა	გიგა	ბუკია	http://parliament.ge//index.php?option=com_k2&amp;view=item&amp;id=179:bukia-giga&amp;Itemid=129&amp;lang=ge	https://declaration.gov.ge/declaration.php?id=44005	80	1	http://ka.wikipedia.org/w/index.php?search=ბუკია%20გიგა	https://twitter.com/search?q=ბუკია%20გიგა	http://www.facebook.com/search.php?q=ბუკია%20გიგა	https://www.linkedin.com/vsearch/p?type=people&amp;keywords=ბუკია%20გიგა 
ბუკია გოდერძი	გოდერძი	ბუკია	http://parliament.ge//index.php?option=com_k2&amp;view=item&amp;id=18:bukia-goderdzi&amp;Itemid=129&amp;lang=ge	https://declaration.gov.ge/declaration.php?id=45976	232	4	http://ka.wikipedia.org/w/index.php?search=ბუკია%20გოდერძი	https://twitter.com/search?q=ბუკია%20გოდერძი	http://www.facebook.com/search.php?q=ბუკია%20გოდერძი	https://www.linkedin.com/vsearch/p?type=people&amp;keywords=ბუკია%20გოდერძი 
ბუცხრიკიძე კახა	კახა	ბუცხრიკიძე	http://parliament.ge//index.php?option=com_k2&amp;view=item&amp;id=197:butskhrikidze-kakha&amp;Itemid=129&amp;lang=ge	https://declaration.gov.ge/declaration.php?id=44553	117	1	http://ka.wikipedia.org/w/index.php?search=ბუცხრიკიძე%20კახა	https://twitter.com/search?q=ბუცხრიკიძე%20კახა	http://www.facebook.com/search.php?q=ბუცხრიკიძე%20კახა	https://www.linkedin.com/vsearch/p?type=people&amp;keywords=ბუცხრიკიძე%20კახა 
გაბაშვილი გიორგი	გიორგი	გაბაშვილი	http://parliament.ge//index.php?option=com_k2&amp;view=item&amp;id=33:gabashvili-giorgi&amp;Itemid=129&amp;lang=ge	https://declaration.gov.ge/declaration.php?id=46141	238	4	http://ka.wikipedia.org/w/index.php?search=გაბაშვილი%20გიორგი	https://twitter.com/search?q=გაბაშვილი%20გიორგი	http://www.facebook.com/search.php?q=გაბაშვილი%20გიორგი	https://www.linkedin.com/vsearch/p?type=people&amp;keywords=გაბაშვილი%20გიორგი 
გაჩეჩილაძე გიორგი	გიორგი	გაჩეჩილაძე	http://parliament.ge//index.php?option=com_k2&amp;view=item&amp;id=198:gachechiladze-giorgi&amp;Itemid=129&amp;lang=ge	https://declaration.gov.ge/declaration.php?id=44006	79	1	http://ka.wikipedia.org/w/index.php?search=გაჩეჩილაძე%20გიორგი	https://twitter.com/search?q=გაჩეჩილაძე%20გიორგი	http://www.facebook.com/search.php?q=გაჩეჩილაძე%20გიორგი	https://www.linkedin.com/vsearch/p?type=people&amp;keywords=გაჩეჩილაძე%20გიორგი 
გელაშვილი გელა	გელა	გელაშვილი	http://parliament.ge//index.php?option=com_k2&amp;view=item&amp;id=150:gelashvili-gela&amp;Itemid=129&amp;lang=ge	https://declaration.gov.ge/declaration.php?id=44007	79	1	http://ka.wikipedia.org/w/index.php?search=გელაშვილი%20გელა	https://twitter.com/search?q=გელაშვილი%20გელა	http://www.facebook.com/search.php?q=გელაშვილი%20გელა	https://www.linkedin.com/vsearch/p?type=people&amp;keywords=გელაშვილი%20გელა 
გელაშვილი ვალერ	ვალერ	გელაშვილი	http://parliament.ge//index.php?option=com_k2&amp;view=item&amp;id=152:gelashvili-valeri&amp;Itemid=129&amp;lang=ge	Last Asset Declaration	Number of days between electiondate and submission of Last Asset Declaration	0	http://ka.wikipedia.org/w/index.php?search=გელაშვილი%20ვალერ	https://twitter.com/search?q=გელაშვილი%20ვალერ	http://www.facebook.com/search.php?q=გელაშვილი%20ვალერ	https://www.linkedin.com/vsearch/p?type=people&amp;keywords=გელაშვილი%20ვალერ 
გოგორიშვილი ხათუნა	ხათუნა	გოგორიშვილი	http://parliament.ge//index.php?option=com_k2&amp;view=item&amp;id=42:gogorishvili-khatuna&amp;Itemid=129&amp;lang=ge	https://declaration.gov.ge/declaration.php?id=46000	233	4	http://ka.wikipedia.org/w/index.php?search=გოგორიშვილი%20ხათუნა	https://twitter.com/search?q=გოგორიშვილი%20ხათუნა	http://www.facebook.com/search.php?q=გოგორიშვილი%20ხათუნა	https://www.linkedin.com/vsearch/p?type=people&amp;keywords=გოგორიშვილი%20ხათუნა 
გოგუაძე ნინო	ნინო	გოგუაძე	http://parliament.ge//index.php?option=com_k2&amp;view=item&amp;id=200:goguadze-nino&amp;Itemid=129&amp;lang=ge	https://declaration.gov.ge/declaration.php?id=44009	51	1	http://ka.wikipedia.org/w/index.php?search=გოგუაძე%20ნინო	https://twitter.com/search?q=გოგუაძე%20ნინო	http://www.facebook.com/search.php?q=გოგუაძე%20ნინო	https://www.linkedin.com/vsearch/p?type=people&amp;keywords=გოგუაძე%20ნინო 
გოზალიშვილი გიორგი	გიორგი	გოზალიშვილი	http://parliament.ge//index.php?option=com_k2&amp;view=item&amp;id=201:gozalishvili-giorgi&amp;Itemid=129&amp;lang=ge	https://declaration.gov.ge/declaration.php?id=46887	330	1	http://ka.wikipedia.org/w/index.php?search=გოზალიშვილი%20გიორგი	https://twitter.com/search?q=გოზალიშვილი%20გიორგი	http://www.facebook.com/search.php?q=გოზალიშვილი%20გიორგი	https://www.linkedin.com/vsearch/p?type=people&amp;keywords=გოზალიშვილი%20გიორგი 
გუჯაბიძე ბიძინა	ბიძინა	გუჯაბიძე	http://parliament.ge//index.php?option=com_k2&amp;view=item&amp;id=199:gujabidze-bidzina&amp;Itemid=129&amp;lang=ge	https://declaration.gov.ge/declaration.php?id=44099	81	1	http://ka.wikipedia.org/w/index.php?search=გუჯაბიძე%20ბიძინა	https://twitter.com/search?q=გუჯაბიძე%20ბიძინა	http://www.facebook.com/search.php?q=გუჯაბიძე%20ბიძინა	https://www.linkedin.com/vsearch/p?type=people&amp;keywords=გუჯაბიძე%20ბიძინა 
დარჩიაშვილი დავით	დავით	დარჩიაშვილი	http://parliament.ge//index.php?option=com_k2&amp;view=item&amp;id=26:darchiashvili-david&amp;Itemid=129&amp;lang=ge	https://declaration.gov.ge/declaration.php?id=45798	224	4	http://ka.wikipedia.org/w/index.php?search=დარჩიაშვილი%20დავით	https://twitter.com/search?q=დარჩიაშვილი%20დავით	http://www.facebook.com/search.php?q=დარჩიაშვილი%20დავით	https://www.linkedin.com/vsearch/p?type=people&amp;keywords=დარჩიაშვილი%20დავით 
დარცმელიძე დავით	დავით	დარცმელიძე	http://parliament.ge//index.php?option=com_k2&amp;view=item&amp;id=211:dartsmelidze-david&amp;Itemid=129&amp;lang=ge	https://declaration.gov.ge/declaration.php?id=45977	234	1	http://ka.wikipedia.org/w/index.php?search=დარცმელიძე%20დავით	https://twitter.com/search?q=დარცმელიძე%20დავით	http://www.facebook.com/search.php?q=დარცმელიძე%20დავით	https://www.linkedin.com/vsearch/p?type=people&amp;keywords=დარცმელიძე%20დავით 
დარზიევი მახირ	მახირ	დარზიევი	http://parliament.ge//index.php?option=com_k2&amp;view=item&amp;id=239:darziev-makhir&amp;Itemid=129&amp;lang=ge	https://declaration.gov.ge/declaration.php?id=44536	84	1	http://ka.wikipedia.org/w/index.php?search=დარზიევი%20მახირ	https://twitter.com/search?q=დარზიევი%20მახირ	http://www.facebook.com/search.php?q=დარზიევი%20მახირ	https://www.linkedin.com/vsearch/p?type=people&amp;keywords=დარზიევი%20მახირ 
დავითაშვილი კობა	კობა	დავითაშვილი	http://parliament.ge//index.php?option=com_k2&amp;view=item&amp;id=238:davitashvili-koba&amp;Itemid=129&amp;lang=ge	https://declaration.gov.ge/declaration.php?id=44012	80	1	http://ka.wikipedia.org/w/index.php?search=დავითაშვილი%20კობა	https://twitter.com/search?q=დავითაშვილი%20კობა	http://www.facebook.com/search.php?q=დავითაშვილი%20კობა	https://www.linkedin.com/vsearch/p?type=people&amp;keywords=დავითაშვილი%20კობა 
დოლიძე ვიქტორ	ვიქტორ	დოლიძე	http://parliament.ge//index.php?option=com_k2&amp;view=item&amp;id=166:dolidze-viktor&amp;Itemid=129&amp;lang=ge	https://declaration.gov.ge/declaration.php?id=44100	64	1	http://ka.wikipedia.org/w/index.php?search=დოლიძე%20ვიქტორ	https://twitter.com/search?q=დოლიძე%20ვიქტორ	http://www.facebook.com/search.php?q=დოლიძე%20ვიქტორ	https://www.linkedin.com/vsearch/p?type=people&amp;keywords=დოლიძე%20ვიქტორ 
დუმბაძე მურმან	მურმან	დუმბაძე	http://parliament.ge//index.php?option=com_k2&amp;view=item&amp;id=169:dumbadze-murman&amp;Itemid=129&amp;lang=ge	https://declaration.gov.ge/declaration.php?id=44015	50	1	http://ka.wikipedia.org/w/index.php?search=დუმბაძე%20მურმან	https://twitter.com/search?q=დუმბაძე%20მურმან	http://www.facebook.com/search.php?q=დუმბაძე%20მურმან	https://www.linkedin.com/vsearch/p?type=people&amp;keywords=დუმბაძე%20მურმან 
ებანოიძე ნოდარ	ნოდარ	ებანოიძე	http://parliament.ge//index.php?option=com_k2&amp;view=item&amp;id=155:ebanoidze-nodar&amp;Itemid=129&amp;lang=ge	https://declaration.gov.ge/declaration.php?id=44016	81	1	http://ka.wikipedia.org/w/index.php?search=ებანოიძე%20ნოდარ	https://twitter.com/search?q=ებანოიძე%20ნოდარ	http://www.facebook.com/search.php?q=ებანოიძე%20ნოდარ	https://www.linkedin.com/vsearch/p?type=people&amp;keywords=ებანოიძე%20ნოდარ 
ენუქიძე გოჩა	გოჩა	ენუქიძე	http://parliament.ge//index.php?option=com_k2&amp;view=item&amp;id=31:enukidze-gocha&amp;Itemid=129&amp;lang=ge	https://declaration.gov.ge/declaration.php?id=46001	235	4	http://ka.wikipedia.org/w/index.php?search=ენუქიძე%20გოჩა	https://twitter.com/search?q=ენუქიძე%20გოჩა	http://www.facebook.com/search.php?q=ენუქიძე%20გოჩა	https://www.linkedin.com/vsearch/p?type=people&amp;keywords=ენუქიძე%20გოჩა 
ვახტანგაშვილი მალხაზ	მალხაზ	ვახტანგაშვილი	http://parliament.ge//index.php?option=com_k2&amp;view=item&amp;id=249:vakhtangashvili-malkhaz&amp;Itemid=129&amp;lang=ge	https://declaration.gov.ge/declaration.php?id=44017	79	1	http://ka.wikipedia.org/w/index.php?search=ვახტანგაშვილი%20მალხაზ	https://twitter.com/search?q=ვახტანგაშვილი%20მალხაზ	http://www.facebook.com/search.php?q=ვახტანგაშვილი%20მალხაზ	https://www.linkedin.com/vsearch/p?type=people&amp;keywords=ვახტანგაშვილი%20მალხაზ 
ვაშაძე გიორგი	გიორგი	ვაშაძე	http://parliament.ge//index.php?option=com_k2&amp;view=item&amp;id=259:vashadze-giorgi&amp;lang=ge	https://declaration.gov.ge/declaration.php?id=46291	249	1	http://ka.wikipedia.org/w/index.php?search=ვაშაძე%20გიორგი	https://twitter.com/search?q=ვაშაძე%20გიორგი	http://www.facebook.com/search.php?q=ვაშაძე%20გიორგი	https://www.linkedin.com/vsearch/p?type=people&amp;keywords=ვაშაძე%20გიორგი 
ვერულაშვილი მარიკა	მარიკა	ვერულაშვილი	http://parliament.ge//index.php?option=com_k2&amp;view=item&amp;id=138:verulashvili-marika&amp;Itemid=129&amp;lang=ge	https://declaration.gov.ge/declaration.php?id=46107	238	4	http://ka.wikipedia.org/w/index.php?search=ვერულაშვილი%20მარიკა	https://twitter.com/search?q=ვერულაშვილი%20მარიკა	http://www.facebook.com/search.php?q=ვერულაშვილი%20მარიკა	https://www.linkedin.com/vsearch/p?type=people&amp;keywords=ვერულაშვილი%20მარიკა 
ვოლსკი გიორგი	გიორგი	ვოლსკი	http://parliament.ge//index.php?option=com_k2&amp;view=item&amp;id=236:volski-giorgi&amp;Itemid=129&amp;lang=ge	https://declaration.gov.ge/declaration.php?id=44018	81	1	http://ka.wikipedia.org/w/index.php?search=ვოლსკი%20გიორგი	https://twitter.com/search?q=ვოლსკი%20გიორგი	http://www.facebook.com/search.php?q=ვოლსკი%20გიორგი	https://www.linkedin.com/vsearch/p?type=people&amp;keywords=ვოლსკი%20გიორგი 
ზვიადაური ზურაბ	ზურაბ	ზვიადაური	http://parliament.ge//index.php?option=com_k2&amp;view=item&amp;id=171:zviadauri-zurab&amp;Itemid=129&amp;lang=ge	https://declaration.gov.ge/declaration.php?id=44020	81	1	http://ka.wikipedia.org/w/index.php?search=ზვიადაური%20ზურაბ	https://twitter.com/search?q=ზვიადაური%20ზურაბ	http://www.facebook.com/search.php?q=ზვიადაური%20ზურაბ	https://www.linkedin.com/vsearch/p?type=people&amp;keywords=ზვიადაური%20ზურაბ 
თაქთაქიშვილი ჩიორა	ჩიორა	თაქთაქიშვილი	http://parliament.ge//index.php?option=com_k2&amp;view=item&amp;id=119:taktakishvili-chiora&amp;Itemid=129&amp;lang=ge	https://declaration.gov.ge/declaration.php?id=46248	246	4	http://ka.wikipedia.org/w/index.php?search=თაქთაქიშვილი%20ჩიორა	https://twitter.com/search?q=თაქთაქიშვილი%20ჩიორა	http://www.facebook.com/search.php?q=თაქთაქიშვილი%20ჩიორა	https://www.linkedin.com/vsearch/p?type=people&amp;keywords=თაქთაქიშვილი%20ჩიორა 
თამაზაშვილი ალექსანდრე	ალექსანდრე	თამაზაშვილი	http://parliament.ge//index.php?option=com_k2&amp;view=item&amp;id=260:tamazashvili-aleksandre&amp;lang=ge	https://declaration.gov.ge/declaration.php?id=44534	107	1	http://ka.wikipedia.org/w/index.php?search=თამაზაშვილი%20ალექსანდრე	https://twitter.com/search?q=თამაზაშვილი%20ალექსანდრე	http://www.facebook.com/search.php?q=თამაზაშვილი%20ალექსანდრე	https://www.linkedin.com/vsearch/p?type=people&amp;keywords=თამაზაშვილი%20ალექსანდრე 
თარგამაძე გიორგი (გივი)	გიორგი	თარგამაძე	http://parliament.ge//index.php?option=com_k2&amp;view=item&amp;id=122:targamadze-giorgi-givi&amp;Itemid=129&amp;lang=ge	https://declaration.gov.ge/declaration.php?id=6919	-144	3	http://ka.wikipedia.org/w/index.php?search=თარგამაძე%20გიორგი	https://twitter.com/search?q=თარგამაძე%20გიორგი	http://www.facebook.com/search.php?q=თარგამაძე%20გიორგი	https://www.linkedin.com/vsearch/p?type=people&amp;keywords=თარგამაძე%20გიორგი 
თევდორაძე გიორგი	გიორგი	თევდორაძე	http://parliament.ge//index.php?option=com_k2&amp;view=item&amp;id=257:tevdoradze-giorgi&amp;lang=ge	https://declaration.gov.ge/declaration.php?id=46889	330	1	http://ka.wikipedia.org/w/index.php?search=თევდორაძე%20გიორგი	https://twitter.com/search?q=თევდორაძე%20გიორგი	http://www.facebook.com/search.php?q=თევდორაძე%20გიორგი	https://www.linkedin.com/vsearch/p?type=people&amp;keywords=თევდორაძე%20გიორგი 
თოფაძე გიორგი	გიორგი	თოფაძე	http://parliament.ge//index.php?option=com_k2&amp;view=item&amp;id=228:tophadze-giorgi&amp;Itemid=129&amp;lang=ge	https://declaration.gov.ge/declaration.php?id=44022	81	1	http://ka.wikipedia.org/w/index.php?search=თოფაძე%20გიორგი	https://twitter.com/search?q=თოფაძე%20გიორგი	http://www.facebook.com/search.php?q=თოფაძე%20გიორგი	https://www.linkedin.com/vsearch/p?type=people&amp;keywords=თოფაძე%20გიორგი 
კანდელაკი გიორგი	გიორგი	კანდელაკი	http://parliament.ge//index.php?option=com_k2&amp;view=item&amp;id=54:kandelaki-giorgi&amp;Itemid=129&amp;lang=ge	https://declaration.gov.ge/declaration.php?id=46249	246	4	http://ka.wikipedia.org/w/index.php?search=კანდელაკი%20გიორგი	https://twitter.com/search?q=კანდელაკი%20გიორგი	http://www.facebook.com/search.php?q=კანდელაკი%20გიორგი	https://www.linkedin.com/vsearch/p?type=people&amp;keywords=კანდელაკი%20გიორგი 
კარბელაშვილი გიორგი	გიორგი	კარბელაშვილი	http://parliament.ge//index.php?option=com_k2&amp;view=item&amp;id=251:karbelashvili-giorgi&amp;Itemid=129&amp;lang=ge	https://declaration.gov.ge/declaration.php?id=45162	186	1	http://ka.wikipedia.org/w/index.php?search=კარბელაშვილი%20გიორგი	https://twitter.com/search?q=კარბელაშვილი%20გიორგი	http://www.facebook.com/search.php?q=კარბელაშვილი%20გიორგი	https://www.linkedin.com/vsearch/p?type=people&amp;keywords=კარბელაშვილი%20გიორგი 
კახიანი გიორგი	გიორგი	კახიანი	http://parliament.ge//index.php?option=com_k2&amp;view=item&amp;id=264:kakhiani-giorgi&amp;lang=ge	https://declaration.gov.ge/declaration.php?id=46706	289	1	http://ka.wikipedia.org/w/index.php?search=კახიანი%20გიორგი	https://twitter.com/search?q=კახიანი%20გიორგი	http://www.facebook.com/search.php?q=კახიანი%20გიორგი	https://www.linkedin.com/vsearch/p?type=people&amp;keywords=კახიანი%20გიორგი 
კაჭახიძე მერაბ	მერაბ	კაჭახიძე	http://parliament.ge//index.php?option=com_k2&amp;view=item&amp;id=226:kachakhidze-merab&amp;Itemid=129&amp;lang=ge	https://declaration.gov.ge/declaration.php?id=44025	80	1	http://ka.wikipedia.org/w/index.php?search=კაჭახიძე%20მერაბ	https://twitter.com/search?q=კაჭახიძე%20მერაბ	http://www.facebook.com/search.php?q=კაჭახიძე%20მერაბ	https://www.linkedin.com/vsearch/p?type=people&amp;keywords=კაჭახიძე%20მერაბ 
კედელაშვილი ზაზა	ზაზა	კედელაშვილი	http://parliament.ge//index.php?option=com_k2&amp;view=item&amp;id=254:kedelashvili-zaza&amp;lang=ge	https://declaration.gov.ge/declaration.php?id=44027	80	1	http://ka.wikipedia.org/w/index.php?search=კედელაშვილი%20ზაზა	https://twitter.com/search?q=კედელაშვილი%20ზაზა	http://www.facebook.com/search.php?q=კედელაშვილი%20ზაზა	https://www.linkedin.com/vsearch/p?type=people&amp;keywords=კედელაშვილი%20ზაზა 
კიღურაძე ივანე	ივანე	კიღურაძე	http://parliament.ge//index.php?option=com_k2&amp;view=item&amp;id=221:kiguradze-ivane&amp;Itemid=129&amp;lang=ge	https://declaration.gov.ge/declaration.php?id=47883	407	2	http://ka.wikipedia.org/w/index.php?search=კიღურაძე%20ივანე	https://twitter.com/search?q=კიღურაძე%20ივანე	http://www.facebook.com/search.php?q=კიღურაძე%20ივანე	https://www.linkedin.com/vsearch/p?type=people&amp;keywords=კიღურაძე%20ივანე 
კიკნაველიძე შალვა	შალვა	კიკნაველიძე	http://parliament.ge//index.php?option=com_k2&amp;view=item&amp;id=225:kiknavelidze-shalva&amp;Itemid=129&amp;lang=ge	https://declaration.gov.ge/declaration.php?id=44032	73	1	http://ka.wikipedia.org/w/index.php?search=კიკნაველიძე%20შალვა	https://twitter.com/search?q=კიკნაველიძე%20შალვა	http://www.facebook.com/search.php?q=კიკნაველიძე%20შალვა	https://www.linkedin.com/vsearch/p?type=people&amp;keywords=კიკნაველიძე%20შალვა 
კიკნაველიძე პაატა	პაატა	კიკნაველიძე	http://parliament.ge//index.php?option=com_k2&amp;view=item&amp;id=263:kiknavelidze-paata&amp;lang=ge	https://declaration.gov.ge/declaration.php?id=46705	289	1	http://ka.wikipedia.org/w/index.php?search=კიკნაველიძე%20პაატა	https://twitter.com/search?q=კიკნაველიძე%20პაატა	http://www.facebook.com/search.php?q=კიკნაველიძე%20პაატა	https://www.linkedin.com/vsearch/p?type=people&amp;keywords=კიკნაველიძე%20პაატა 
კვაჭანტირაძე ზვიად	ზვიად	კვაჭანტირაძე	http://parliament.ge//index.php?option=com_k2&amp;view=item&amp;id=157:kvachantiradze-zviad&amp;Itemid=129&amp;lang=ge	https://declaration.gov.ge/declaration.php?id=44030	81	1	http://ka.wikipedia.org/w/index.php?search=კვაჭანტირაძე%20ზვიად	https://twitter.com/search?q=კვაჭანტირაძე%20ზვიად	http://www.facebook.com/search.php?q=კვაჭანტირაძე%20ზვიად	https://www.linkedin.com/vsearch/p?type=people&amp;keywords=კვაჭანტირაძე%20ზვიად 
კვიჟინაძე პაატა	პაატა	კვიჟინაძე	http://parliament.ge//index.php?option=com_k2&amp;view=item&amp;id=223:kvizhinadze-paata&amp;Itemid=129&amp;lang=ge	https://declaration.gov.ge/declaration.php?id=44031	52	1	http://ka.wikipedia.org/w/index.php?search=კვიჟინაძე%20პაატა	https://twitter.com/search?q=კვიჟინაძე%20პაატა	http://www.facebook.com/search.php?q=კვიჟინაძე%20პაატა	https://www.linkedin.com/vsearch/p?type=people&amp;keywords=კვიჟინაძე%20პაატა 
კობახიძე მანანა	მანანა	კობახიძე	http://parliament.ge//index.php?option=com_k2&amp;view=item&amp;id=246:kobakhidze-manana&amp;Itemid=129&amp;lang=ge	https://declaration.gov.ge/declaration.php?id=44034	81	1	http://ka.wikipedia.org/w/index.php?search=კობახიძე%20მანანა	https://twitter.com/search?q=კობახიძე%20მანანა	http://www.facebook.com/search.php?q=კობახიძე%20მანანა	https://www.linkedin.com/vsearch/p?type=people&amp;keywords=კობახიძე%20მანანა 
კოპალიანი კარლო	კარლო	კოპალიანი	http://parliament.ge//index.php?option=com_k2&amp;view=item&amp;id=68:kopaliani-karlo&amp;Itemid=129&amp;lang=ge	https://declaration.gov.ge/declaration.php?id=45882	227	4	http://ka.wikipedia.org/w/index.php?search=კოპალიანი%20კარლო	https://twitter.com/search?q=კოპალიანი%20კარლო	http://www.facebook.com/search.php?q=კოპალიანი%20კარლო	https://www.linkedin.com/vsearch/p?type=people&amp;keywords=კოპალიანი%20კარლო 
კორძაია თამარ	თამარ	კორძაია	http://parliament.ge//index.php?option=com_k2&amp;view=item&amp;id=262:kordzaia-tamar&amp;lang=ge	https://declaration.gov.ge/declaration.php?id=46704	290	1	http://ka.wikipedia.org/w/index.php?search=კორძაია%20თამარ	https://twitter.com/search?q=კორძაია%20თამარ	http://www.facebook.com/search.php?q=კორძაია%20თამარ	https://www.linkedin.com/vsearch/p?type=people&amp;keywords=კორძაია%20თამარ 
კუბლაშვილი პავლე	პავლე	კუბლაშვილი	http://parliament.ge//index.php?option=com_k2&amp;view=item&amp;id=69:kublashvili-pavle&amp;Itemid=129&amp;lang=ge	https://declaration.gov.ge/declaration.php?id=46151	240	4	http://ka.wikipedia.org/w/index.php?search=კუბლაშვილი%20პავლე	https://twitter.com/search?q=კუბლაშვილი%20პავლე	http://www.facebook.com/search.php?q=კუბლაშვილი%20პავლე	https://www.linkedin.com/vsearch/p?type=people&amp;keywords=კუბლაშვილი%20პავლე 
ლემონჯავა ვახტანგ	ვახტანგ	ლემონჯავა	http://parliament.ge//index.php?option=com_k2&amp;view=item&amp;id=185:lemonjava-vakhtang&amp;Itemid=129&amp;lang=ge	https://declaration.gov.ge/declaration.php?id=46963	345	1	http://ka.wikipedia.org/w/index.php?search=ლემონჯავა%20ვახტანგ	https://twitter.com/search?q=ლემონჯავა%20ვახტანგ	http://www.facebook.com/search.php?q=ლემონჯავა%20ვახტანგ	https://www.linkedin.com/vsearch/p?type=people&amp;keywords=ლემონჯავა%20ვახტანგ 
ლეჟავა პაატა	პაატა	ლეჟავა	http://parliament.ge//index.php?option=com_k2&amp;view=item&amp;id=149:lezhava-paata&amp;Itemid=129&amp;lang=ge	https://declaration.gov.ge/declaration.php?id=45893	229	4	http://ka.wikipedia.org/w/index.php?search=ლეჟავა%20პაატა	https://twitter.com/search?q=ლეჟავა%20პაატა	http://www.facebook.com/search.php?q=ლეჟავა%20პაატა	https://www.linkedin.com/vsearch/p?type=people&amp;keywords=ლეჟავა%20პაატა 
ლიპარტელიანი გოგი	გოგი	ლიპარტელიანი	http://parliament.ge//index.php?option=com_k2&amp;view=item&amp;id=81:liparteliani-gogi&amp;Itemid=129&amp;lang=ge	https://declaration.gov.ge/declaration.php?id=45771	225	4	http://ka.wikipedia.org/w/index.php?search=ლიპარტელიანი%20გოგი	https://twitter.com/search?q=ლიპარტელიანი%20გოგი	http://www.facebook.com/search.php?q=ლიპარტელიანი%20გოგი	https://www.linkedin.com/vsearch/p?type=people&amp;keywords=ლიპარტელიანი%20გოგი 
ლონდარიძე ტარიელ	ტარიელ	ლონდარიძე	http://parliament.ge//index.php?option=com_k2&amp;view=item&amp;id=151:londaridze-tariel&amp;Itemid=129&amp;lang=ge	https://declaration.gov.ge/declaration.php?id=44035	63	1	http://ka.wikipedia.org/w/index.php?search=ლონდარიძე%20ტარიელ	https://twitter.com/search?q=ლონდარიძე%20ტარიელ	http://www.facebook.com/search.php?q=ლონდარიძე%20ტარიელ	https://www.linkedin.com/vsearch/p?type=people&amp;keywords=ლონდარიძე%20ტარიელ 
ლორთქიფანიძე დათო	დათო	ლორთქიფანიძე	http://parliament.ge//index.php?option=com_k2&amp;view=item&amp;id=192:lortkiphanidze-dato&amp;Itemid=129&amp;lang=ge	https://declaration.gov.ge/declaration.php?id=44539	88	1	http://ka.wikipedia.org/w/index.php?search=ლორთქიფანიძე%20დათო	https://twitter.com/search?q=ლორთქიფანიძე%20დათო	http://www.facebook.com/search.php?q=ლორთქიფანიძე%20დათო	https://www.linkedin.com/vsearch/p?type=people&amp;keywords=ლორთქიფანიძე%20დათო 
მაჭავარიანი მიხეილ	მიხეილ	მაჭავარიანი	http://parliament.ge//index.php?option=com_k2&amp;view=item&amp;id=84:machavariani-mikheil&amp;Itemid=129&amp;lang=ge	https://declaration.gov.ge/declaration.php?id=45907	228	4	http://ka.wikipedia.org/w/index.php?search=მაჭავარიანი%20მიხეილ	https://twitter.com/search?q=მაჭავარიანი%20მიხეილ	http://www.facebook.com/search.php?q=მაჭავარიანი%20მიხეილ	https://www.linkedin.com/vsearch/p?type=people&amp;keywords=მაჭავარიანი%20მიხეილ 
მაღრაძე გუგული	გუგული	მაღრაძე	http://parliament.ge//index.php?option=com_k2&amp;view=item&amp;id=207:maghradze-guguli&amp;Itemid=129&amp;lang=ge	https://declaration.gov.ge/declaration.php?id=44039	78	1	http://ka.wikipedia.org/w/index.php?search=მაღრაძე%20გუგული	https://twitter.com/search?q=მაღრაძე%20გუგული	http://www.facebook.com/search.php?q=მაღრაძე%20გუგული	https://www.linkedin.com/vsearch/p?type=people&amp;keywords=მაღრაძე%20გუგული 
მაისურაძე თემურ	თემურ	მაისურაძე	http://parliament.ge//index.php?option=com_k2&amp;view=item&amp;id=219:maisuradze-temur&amp;Itemid=129&amp;lang=ge	https://declaration.gov.ge/declaration.php?id=44036	81	1	http://ka.wikipedia.org/w/index.php?search=მაისურაძე%20თემურ	https://twitter.com/search?q=მაისურაძე%20თემურ	http://www.facebook.com/search.php?q=მაისურაძე%20თემურ	https://www.linkedin.com/vsearch/p?type=people&amp;keywords=მაისურაძე%20თემურ 
მახარაძე მიხეილ	მიხეილ	მახარაძე	http://parliament.ge//index.php?option=com_k2&amp;view=item&amp;id=209:makharadze-mikeil&amp;Itemid=129&amp;lang=ge	https://declaration.gov.ge/declaration.php?id=46202	240	2	http://ka.wikipedia.org/w/index.php?search=მახარაძე%20მიხეილ	https://twitter.com/search?q=მახარაძე%20მიხეილ	http://www.facebook.com/search.php?q=მახარაძე%20მიხეილ	https://www.linkedin.com/vsearch/p?type=people&amp;keywords=მახარაძე%20მიხეილ 
მალაშხია შოთა	შოთა	მალაშხია	http://parliament.ge//index.php?option=com_k2&amp;view=item&amp;id=90:malashkhia-shota&amp;Itemid=129&amp;lang=ge	https://declaration.gov.ge/declaration.php?id=45704	216	4	http://ka.wikipedia.org/w/index.php?search=მალაშხია%20შოთა	https://twitter.com/search?q=მალაშხია%20შოთა	http://www.facebook.com/search.php?q=მალაშხია%20შოთა	https://www.linkedin.com/vsearch/p?type=people&amp;keywords=მალაშხია%20შოთა 
მამედოვი ალი	ალი	მამედოვი	http://parliament.ge//index.php?option=com_k2&amp;view=item&amp;id=206:mamedov-ali&amp;Itemid=129&amp;lang=ge	https://declaration.gov.ge/declaration.php?id=44038	79	1	http://ka.wikipedia.org/w/index.php?search=მამედოვი%20ალი	https://twitter.com/search?q=მამედოვი%20ალი	http://www.facebook.com/search.php?q=მამედოვი%20ალი	https://www.linkedin.com/vsearch/p?type=people&amp;keywords=მამედოვი%20ალი 
მეჭიაური თამაზ	თამაზ	მეჭიაური	http://parliament.ge//index.php?option=com_k2&amp;view=item&amp;id=218:mechiauri-tamaz&amp;Itemid=129&amp;lang=ge	https://declaration.gov.ge/declaration.php?id=44535	100	1	http://ka.wikipedia.org/w/index.php?search=მეჭიაური%20თამაზ	https://twitter.com/search?q=მეჭიაური%20თამაზ	http://www.facebook.com/search.php?q=მეჭიაური%20თამაზ	https://www.linkedin.com/vsearch/p?type=people&amp;keywords=მეჭიაური%20თამაზ 
მეგრელიძე ომარ	ომარ	მეგრელიძე	http://parliament.ge//index.php?option=com_k2&amp;view=item&amp;id=186:megrelidze-omar&amp;Itemid=129&amp;lang=ge	https://declaration.gov.ge/declaration.php?id=44040	79	1	http://ka.wikipedia.org/w/index.php?search=მეგრელიძე%20ომარ	https://twitter.com/search?q=მეგრელიძე%20ომარ	http://www.facebook.com/search.php?q=მეგრელიძე%20ომარ	https://www.linkedin.com/vsearch/p?type=people&amp;keywords=მეგრელიძე%20ომარ 
მელაძე გიორგი	გიორგი	მელაძე	http://parliament.ge//index.php?option=com_k2&amp;view=item&amp;id=94:meladze-giorgi&amp;Itemid=129&amp;lang=ge	https://declaration.gov.ge/declaration.php?id=45995	232	4	http://ka.wikipedia.org/w/index.php?search=მელაძე%20გიორგი	https://twitter.com/search?q=მელაძე%20გიორგი	http://www.facebook.com/search.php?q=მელაძე%20გიორგი	https://www.linkedin.com/vsearch/p?type=people&amp;keywords=მელაძე%20გიორგი 
მელიქიშვილი ზურაბ	ზურაბ	მელიქიშვილი	http://parliament.ge//index.php?option=com_k2&amp;view=item&amp;id=95:melikishvili-zurab&amp;Itemid=129&amp;lang=ge	https://declaration.gov.ge/declaration.php?id=46054	235	4	http://ka.wikipedia.org/w/index.php?search=მელიქიშვილი%20ზურაბ	https://twitter.com/search?q=მელიქიშვილი%20ზურაბ	http://www.facebook.com/search.php?q=მელიქიშვილი%20ზურაბ	https://www.linkedin.com/vsearch/p?type=people&amp;keywords=მელიქიშვილი%20ზურაბ 
მინაშვილი აკაკი	აკაკი	მინაშვილი	http://parliament.ge//index.php?option=com_k2&amp;view=item&amp;id=96:minashvili-akaki&amp;Itemid=129&amp;lang=ge	https://declaration.gov.ge/declaration.php?id=46044	236	4	http://ka.wikipedia.org/w/index.php?search=მინაშვილი%20აკაკი	https://twitter.com/search?q=მინაშვილი%20აკაკი	http://www.facebook.com/search.php?q=მინაშვილი%20აკაკი	https://www.linkedin.com/vsearch/p?type=people&amp;keywords=მინაშვილი%20აკაკი 
მიროტაძე ანი	ანი	მიროტაძე	http://parliament.ge//index.php?option=com_k2&amp;view=item&amp;id=237:mirotadze-ani&amp;Itemid=129&amp;lang=ge	https://declaration.gov.ge/declaration.php?id=44041	77	1	http://ka.wikipedia.org/w/index.php?search=მიროტაძე%20ანი	https://twitter.com/search?q=მიროტაძე%20ანი	http://www.facebook.com/search.php?q=მიროტაძე%20ანი	https://www.linkedin.com/vsearch/p?type=people&amp;keywords=მიროტაძე%20ანი 
მისაბიშვილი გურამ	გურამ	მისაბიშვილი	http://parliament.ge//index.php?option=com_k2&amp;view=item&amp;id=139:misabishvili-guram&amp;Itemid=129&amp;lang=ge	https://declaration.gov.ge/declaration.php?id=45934	227	3	http://ka.wikipedia.org/w/index.php?search=მისაბიშვილი%20გურამ	https://twitter.com/search?q=მისაბიშვილი%20გურამ	http://www.facebook.com/search.php?q=მისაბიშვილი%20გურამ	https://www.linkedin.com/vsearch/p?type=people&amp;keywords=მისაბიშვილი%20გურამ 
მკოიანი ენზელ	ენზელ	მკოიანი	http://parliament.ge//index.php?option=com_k2&amp;view=item&amp;id=98:mkoyan-enzel&amp;Itemid=129&amp;lang=ge	https://declaration.gov.ge/declaration.php?id=45935	232	4	http://ka.wikipedia.org/w/index.php?search=მკოიანი%20ენზელ	https://twitter.com/search?q=მკოიანი%20ენზელ	http://www.facebook.com/search.php?q=მკოიანი%20ენზელ	https://www.linkedin.com/vsearch/p?type=people&amp;keywords=მკოიანი%20ენზელ 
ნადირაშვილი ირმა	ირმა	ნადირაშვილი	http://parliament.ge//index.php?option=com_k2&amp;view=item&amp;id=217:nadirashvili-irma&amp;Itemid=129&amp;lang=ge	https://declaration.gov.ge/declaration.php?id=46829	325	1	http://ka.wikipedia.org/w/index.php?search=ნადირაშვილი%20ირმა	https://twitter.com/search?q=ნადირაშვილი%20ირმა	http://www.facebook.com/search.php?q=ნადირაშვილი%20ირმა	https://www.linkedin.com/vsearch/p?type=people&amp;keywords=ნადირაშვილი%20ირმა 
ნაყოფია კობა	კობა	ნაყოფია	http://parliament.ge//index.php?option=com_k2&amp;view=item&amp;id=100:nakopia-koba&amp;Itemid=129&amp;lang=ge	https://declaration.gov.ge/declaration.php?id=46188	242	4	http://ka.wikipedia.org/w/index.php?search=ნაყოფია%20კობა	https://twitter.com/search?q=ნაყოფია%20კობა	http://www.facebook.com/search.php?q=ნაყოფია%20კობა	https://www.linkedin.com/vsearch/p?type=people&amp;keywords=ნაყოფია%20კობა 
ნიკოლაიშვილი რამაზ	რამაზ	ნიკოლაიშვილი	http://parliament.ge//index.php?option=com_k2&amp;view=item&amp;id=216:nikolaishvili-ramaz&amp;Itemid=129&amp;lang=ge	https://declaration.gov.ge/declaration.php?id=46035	236	1	http://ka.wikipedia.org/w/index.php?search=ნიკოლაიშვილი%20რამაზ	https://twitter.com/search?q=ნიკოლაიშვილი%20რამაზ	http://www.facebook.com/search.php?q=ნიკოლაიშვილი%20რამაზ	https://www.linkedin.com/vsearch/p?type=people&amp;keywords=ნიკოლაიშვილი%20რამაზ 
ნიშნიანიძე ომარ	ომარ	ნიშნიანიძე	http://parliament.ge//index.php?option=com_k2&amp;view=item&amp;id=215:nishnianidze-omar&amp;Itemid=129&amp;lang=ge	https://declaration.gov.ge/declaration.php?id=44540	101	1	http://ka.wikipedia.org/w/index.php?search=ნიშნიანიძე%20ომარ	https://twitter.com/search?q=ნიშნიანიძე%20ომარ	http://www.facebook.com/search.php?q=ნიშნიანიძე%20ომარ	https://www.linkedin.com/vsearch/p?type=people&amp;keywords=ნიშნიანიძე%20ომარ 
ოჩიაური გიორგი	გიორგი	ოჩიაური	http://parliament.ge//index.php?option=com_k2&amp;view=item&amp;id=213:ochiauri-giorgi&amp;Itemid=129&amp;lang=ge	https://declaration.gov.ge/declaration.php?id=44045	74	1	http://ka.wikipedia.org/w/index.php?search=ოჩიაური%20გიორგი	https://twitter.com/search?q=ოჩიაური%20გიორგი	http://www.facebook.com/search.php?q=ოჩიაური%20გიორგი	https://www.linkedin.com/vsearch/p?type=people&amp;keywords=ოჩიაური%20გიორგი 
ოქრიაშვილი კახაბერ	კახაბერ	ოქრიაშვილი	http://parliament.ge//index.php?option=com_k2&amp;view=item&amp;id=103:okriashvili-kakhaber&amp;Itemid=129&amp;lang=ge	https://declaration.gov.ge/declaration.php?id=46193	241	4	http://ka.wikipedia.org/w/index.php?search=ოქრიაშვილი%20კახაბერ	https://twitter.com/search?q=ოქრიაშვილი%20კახაბერ	http://www.facebook.com/search.php?q=ოქრიაშვილი%20კახაბერ	https://www.linkedin.com/vsearch/p?type=people&amp;keywords=ოქრიაშვილი%20კახაბერ 
ონოფრიშვილი დავით	დავით	ონოფრიშვილი	http://parliament.ge//index.php?option=com_k2&amp;view=item&amp;id=156:onoprishvili-david&amp;Itemid=129&amp;lang=ge	https://declaration.gov.ge/declaration.php?id=44044	81	1	http://ka.wikipedia.org/w/index.php?search=ონოფრიშვილი%20დავით	https://twitter.com/search?q=ონოფრიშვილი%20დავით	http://www.facebook.com/search.php?q=ონოფრიშვილი%20დავით	https://www.linkedin.com/vsearch/p?type=people&amp;keywords=ონოფრიშვილი%20დავით 
პაპუაშვილი ზაზა	ზაზა	პაპუაშვილი	http://parliament.ge//index.php?option=com_k2&amp;view=item&amp;id=158:papuashvili-zaza&amp;Itemid=129&amp;lang=ge	https://declaration.gov.ge/declaration.php?id=44046	66	1	http://ka.wikipedia.org/w/index.php?search=პაპუაშვილი%20ზაზა	https://twitter.com/search?q=პაპუაშვილი%20ზაზა	http://www.facebook.com/search.php?q=პაპუაშვილი%20ზაზა	https://www.linkedin.com/vsearch/p?type=people&amp;keywords=პაპუაშვილი%20ზაზა 
პეტროსიანი სამველ	სამველ	პეტროსიანი	http://parliament.ge//index.php?option=com_k2&amp;view=item&amp;id=180:petrosian-samvel&amp;Itemid=129&amp;lang=ge	https://declaration.gov.ge/declaration.php?id=45300	200	1	http://ka.wikipedia.org/w/index.php?search=პეტროსიანი%20სამველ	https://twitter.com/search?q=პეტროსიანი%20სამველ	http://www.facebook.com/search.php?q=პეტროსიანი%20სამველ	https://www.linkedin.com/vsearch/p?type=people&amp;keywords=პეტროსიანი%20სამველ 
პოღოსიანი რუსლან	რუსლან	პოღოსიანი	http://parliament.ge//index.php?option=com_k2&amp;view=item&amp;id=243:poghosian-ruslan&amp;Itemid=129&amp;lang=ge	https://declaration.gov.ge/declaration.php?id=44048	67	1	http://ka.wikipedia.org/w/index.php?search=პოღოსიანი%20რუსლან	https://twitter.com/search?q=პოღოსიანი%20რუსლან	http://www.facebook.com/search.php?q=პოღოსიანი%20რუსლან	https://www.linkedin.com/vsearch/p?type=people&amp;keywords=პოღოსიანი%20რუსლან 
ჟვანია გიორგი	გიორგი	ჟვანია	http://parliament.ge//index.php?option=com_k2&amp;view=item&amp;id=253:zhvania-zurab&amp;Itemid=129&amp;lang=ge	https://declaration.gov.ge/declaration.php?id=44049	81	1	http://ka.wikipedia.org/w/index.php?search=ჟვანია%20გიორგი	https://twitter.com/search?q=ჟვანია%20გიორგი	http://www.facebook.com/search.php?q=ჟვანია%20გიორგი	https://www.linkedin.com/vsearch/p?type=people&amp;keywords=ჟვანია%20გიორგი 
ჟორჟოლინი გია	გია	ჟორჟოლინი	http://parliament.ge//index.php?option=com_k2&amp;view=item&amp;id=214:jorjoliani-gia&amp;Itemid=129&amp;lang=ge	Last Asset Declaration	Number of days between electiondate and submission of Last Asset Declaration	0	http://ka.wikipedia.org/w/index.php?search=ჟორჟოლინი%20გია	https://twitter.com/search?q=ჟორჟოლინი%20გია	http://www.facebook.com/search.php?q=ჟორჟოლინი%20გია	https://www.linkedin.com/vsearch/p?type=people&amp;keywords=ჟორჟოლინი%20გია 
რატიანი სერგო	სერგო	რატიანი	http://parliament.ge//index.php?option=com_k2&amp;view=item&amp;id=202:ratiani-sergo&amp;Itemid=129&amp;lang=ge	https://declaration.gov.ge/declaration.php?id=44051	81	1	http://ka.wikipedia.org/w/index.php?search=რატიანი%20სერგო	https://twitter.com/search?q=რატიანი%20სერგო	http://www.facebook.com/search.php?q=რატიანი%20სერგო	https://www.linkedin.com/vsearch/p?type=people&amp;keywords=რატიანი%20სერგო 
საგანელიძე დავით	დავით	საგანელიძე	http://parliament.ge//index.php?option=com_k2&amp;view=item&amp;id=203:saganelidze-david&amp;Itemid=129&amp;lang=ge	https://declaration.gov.ge/declaration.php?id=44052	82	1	http://ka.wikipedia.org/w/index.php?search=საგანელიძე%20დავით	https://twitter.com/search?q=საგანელიძე%20დავით	http://www.facebook.com/search.php?q=საგანელიძე%20დავით	https://www.linkedin.com/vsearch/p?type=people&amp;keywords=საგანელიძე%20დავით 
საჯაია მარიამ	მარიამ	საჯაია	http://parliament.ge//index.php?option=com_k2&amp;view=item&amp;id=205:sajaia-mariam&amp;Itemid=129&amp;lang=ge	https://declaration.gov.ge/declaration.php?id=44055	81	1	http://ka.wikipedia.org/w/index.php?search=საჯაია%20მარიამ	https://twitter.com/search?q=საჯაია%20მარიამ	http://www.facebook.com/search.php?q=საჯაია%20მარიამ	https://www.linkedin.com/vsearch/p?type=people&amp;keywords=საჯაია%20მარიამ 
საყვარელიძე დავით	დავით	საყვარელიძე	http://parliament.ge//index.php?option=com_k2&amp;view=item&amp;id=256:sakvarelidze-david&amp;Itemid=117&amp;lang=ge	https://declaration.gov.ge/declaration.php?id=45558	215	1	http://ka.wikipedia.org/w/index.php?search=საყვარელიძე%20დავით	https://twitter.com/search?q=საყვარელიძე%20დავით	http://www.facebook.com/search.php?q=საყვარელიძე%20დავით	https://www.linkedin.com/vsearch/p?type=people&amp;keywords=საყვარელიძე%20დავით 
საყვარელიძე ფრიდონ	ფრიდონ	საყვარელიძე	http://parliament.ge//index.php?option=com_k2&amp;view=item&amp;id=204:sakvarelidze-phridon&amp;Itemid=129&amp;lang=ge	https://declaration.gov.ge/declaration.php?id=44538	78	1	http://ka.wikipedia.org/w/index.php?search=საყვარელიძე%20ფრიდონ	https://twitter.com/search?q=საყვარელიძე%20ფრიდონ	http://www.facebook.com/search.php?q=საყვარელიძე%20ფრიდონ	https://www.linkedin.com/vsearch/p?type=people&amp;keywords=საყვარელიძე%20ფრიდონ 
სამხარაული გელა	გელა	სამხარაული	http://parliament.ge//index.php?option=com_k2&amp;view=item&amp;id=159:samkharauli-gela&amp;Itemid=129&amp;lang=ge	https://declaration.gov.ge/declaration.php?id=44053	81	1	http://ka.wikipedia.org/w/index.php?search=სამხარაული%20გელა	https://twitter.com/search?q=სამხარაული%20გელა	http://www.facebook.com/search.php?q=სამხარაული%20გელა	https://www.linkedin.com/vsearch/p?type=people&amp;keywords=სამხარაული%20გელა 
სანიკიძე გუბაზ	გუბაზ	სანიკიძე	http://parliament.ge//index.php?option=com_k2&amp;view=item&amp;id=173:sanikidze-gubaz&amp;Itemid=129&amp;lang=ge	https://declaration.gov.ge/declaration.php?id=47891	408	2	http://ka.wikipedia.org/w/index.php?search=სანიკიძე%20გუბაზ	https://twitter.com/search?q=სანიკიძე%20გუბაზ	http://www.facebook.com/search.php?q=სანიკიძე%20გუბაზ	https://www.linkedin.com/vsearch/p?type=people&amp;keywords=სანიკიძე%20გუბაზ 
სესიაშვილი ირაკლი	ირაკლი	სესიაშვილი	http://parliament.ge//index.php?option=com_k2&amp;view=item&amp;id=208:sesiashvili-irakli&amp;Itemid=129&amp;lang=ge	https://declaration.gov.ge/declaration.php?id=44056	77	1	http://ka.wikipedia.org/w/index.php?search=სესიაშვილი%20ირაკლი	https://twitter.com/search?q=სესიაშვილი%20ირაკლი	http://www.facebook.com/search.php?q=სესიაშვილი%20ირაკლი	https://www.linkedin.com/vsearch/p?type=people&amp;keywords=სესიაშვილი%20ირაკლი 
სუბელიანი კობა	კობა	სუბელიანი	http://parliament.ge//index.php?option=com_k2&amp;view=item&amp;id=210:subeliani-koba&amp;Itemid=129&amp;lang=ge	https://declaration.gov.ge/declaration.php?id=45776	224	1	http://ka.wikipedia.org/w/index.php?search=სუბელიანი%20კობა	https://twitter.com/search?q=სუბელიანი%20კობა	http://www.facebook.com/search.php?q=სუბელიანი%20კობა	https://www.linkedin.com/vsearch/p?type=people&amp;keywords=სუბელიანი%20კობა 
სულეიმანოვი აზერ	აზერ	სულეიმანოვი	http://parliament.ge//index.php?option=com_k2&amp;view=item&amp;id=118:suleimanov-azer&amp;Itemid=129&amp;lang=ge	https://declaration.gov.ge/declaration.php?id=45799	224	4	http://ka.wikipedia.org/w/index.php?search=სულეიმანოვი%20აზერ	https://twitter.com/search?q=სულეიმანოვი%20აზერ	http://www.facebook.com/search.php?q=სულეიმანოვი%20აზერ	https://www.linkedin.com/vsearch/p?type=people&amp;keywords=სულეიმანოვი%20აზერ 
ტრიპოლსკი ერეკლე	ერეკლე	ტრიპოლსკი	http://parliament.ge//index.php?option=com_k2&amp;view=item&amp;id=160:tripolski-erekle&amp;Itemid=129&amp;lang=ge	https://declaration.gov.ge/declaration.php?id=44058	81	1	http://ka.wikipedia.org/w/index.php?search=ტრიპოლსკი%20ერეკლე	https://twitter.com/search?q=ტრიპოლსკი%20ერეკლე	http://www.facebook.com/search.php?q=ტრიპოლსკი%20ერეკლე	https://www.linkedin.com/vsearch/p?type=people&amp;keywords=ტრიპოლსკი%20ერეკლე 
ტყემალაძე ზურაბ	ზურაბ	ტყემალაძე	http://parliament.ge//index.php?option=com_k2&amp;view=item&amp;id=234:tkemaladze-zurab&amp;Itemid=129&amp;lang=ge	https://declaration.gov.ge/declaration.php?id=44059	81	1	http://ka.wikipedia.org/w/index.php?search=ტყემალაძე%20ზურაბ	https://twitter.com/search?q=ტყემალაძე%20ზურაბ	http://www.facebook.com/search.php?q=ტყემალაძე%20ზურაბ	https://www.linkedin.com/vsearch/p?type=people&amp;keywords=ტყემალაძე%20ზურაბ 
უსუფაშვილი დავით	დავით	უსუფაშვილი	http://parliament.ge//index.php?option=com_k2&amp;view=item&amp;id=164:usuphashvili-david&amp;Itemid=129&amp;lang=ge	https://declaration.gov.ge/declaration.php?id=44060	80	1	http://ka.wikipedia.org/w/index.php?search=უსუფაშვილი%20დავით	https://twitter.com/search?q=უსუფაშვილი%20დავით	http://www.facebook.com/search.php?q=უსუფაშვილი%20დავით	https://www.linkedin.com/vsearch/p?type=people&amp;keywords=უსუფაშვილი%20დავით 
ფეიქრიშვილი გიორგი	გიორგი	ფეიქრიშვილი	http://parliament.ge//index.php?option=com_k2&amp;view=item&amp;id=183:pheikrishvili-giorgi&amp;Itemid=129&amp;lang=ge	https://declaration.gov.ge/declaration.php?id=46497	273	1	http://ka.wikipedia.org/w/index.php?search=ფეიქრიშვილი%20გიორგი	https://twitter.com/search?q=ფეიქრიშვილი%20გიორგი	http://www.facebook.com/search.php?q=ფეიქრიშვილი%20გიორგი	https://www.linkedin.com/vsearch/p?type=people&amp;keywords=ფეიქრიშვილი%20გიორგი 
ფოფხაძე გედევან	გედევან	ფოფხაძე	http://parliament.ge//index.php?option=com_k2&amp;view=item&amp;id=252:phophkhadze-gedevan&amp;Itemid=129&amp;lang=ge	https://declaration.gov.ge/declaration.php?id=44062	71	1	http://ka.wikipedia.org/w/index.php?search=ფოფხაძე%20გედევან	https://twitter.com/search?q=ფოფხაძე%20გედევან	http://www.facebook.com/search.php?q=ფოფხაძე%20გედევან	https://www.linkedin.com/vsearch/p?type=people&amp;keywords=ფოფხაძე%20გედევან 
ქანთარია ალექსანდრე	ალექსანდრე	ქანთარია	http://parliament.ge//index.php?option=com_k2&amp;view=item&amp;id=163:kantaria-aleksandre&amp;Itemid=129&amp;lang=ge	https://declaration.gov.ge/declaration.php?id=44064	66	1	http://ka.wikipedia.org/w/index.php?search=ქანთარია%20ალექსანდრე	https://twitter.com/search?q=ქანთარია%20ალექსანდრე	http://www.facebook.com/search.php?q=ქანთარია%20ალექსანდრე	https://www.linkedin.com/vsearch/p?type=people&amp;keywords=ქანთარია%20ალექსანდრე 
ქარდავა ლევან	ლევან	ქარდავა	http://parliament.ge//index.php?option=com_k2&amp;view=item&amp;id=261:kardava-levan&amp;lang=ge	https://declaration.gov.ge/declaration.php?id=44065	81	1	http://ka.wikipedia.org/w/index.php?search=ქარდავა%20ლევან	https://twitter.com/search?q=ქარდავა%20ლევან	http://www.facebook.com/search.php?q=ქარდავა%20ლევან	https://www.linkedin.com/vsearch/p?type=people&amp;keywords=ქარდავა%20ლევან 
ქავთარაძე გიორგი	გიორგი	ქავთარაძე	http://parliament.ge//index.php?option=com_k2&amp;view=item&amp;id=162:kavtaradze-giorgi&amp;Itemid=129&amp;lang=ge	https://declaration.gov.ge/declaration.php?id=44063	80	1	http://ka.wikipedia.org/w/index.php?search=ქავთარაძე%20გიორგი	https://twitter.com/search?q=ქავთარაძე%20გიორგი	http://www.facebook.com/search.php?q=ქავთარაძე%20გიორგი	https://www.linkedin.com/vsearch/p?type=people&amp;keywords=ქავთარაძე%20გიორგი 
ქუცნაშვილი ზაქარია	ზაქარია	ქუცნაშვილი	http://parliament.ge//index.php?option=com_k2&amp;view=item&amp;id=258:kutsnashvili-zakaria&amp;lang=ge	https://declaration.gov.ge/declaration.php?id=44066	81	1	http://ka.wikipedia.org/w/index.php?search=ქუცნაშვილი%20ზაქარია	https://twitter.com/search?q=ქუცნაშვილი%20ზაქარია	http://www.facebook.com/search.php?q=ქუცნაშვილი%20ზაქარია	https://www.linkedin.com/vsearch/p?type=people&amp;keywords=ქუცნაშვილი%20ზაქარია 
ღვინიაშვილი გიორგი	გიორგი	ღვინიაშვილი	http://parliament.ge//index.php?option=com_k2&amp;view=item&amp;id=212:ghviniashvili-giorgi&amp;Itemid=129&amp;lang=ge	https://declaration.gov.ge/declaration.php?id=45888	226	1	http://ka.wikipedia.org/w/index.php?search=ღვინიაშვილი%20გიორგი	https://twitter.com/search?q=ღვინიაშვილი%20გიორგი	http://www.facebook.com/search.php?q=ღვინიაშვილი%20გიორგი	https://www.linkedin.com/vsearch/p?type=people&amp;keywords=ღვინიაშვილი%20გიორგი 
ყაჭეიშვილი თამაზ	თამაზ	ყაჭეიშვილი	http://parliament.ge//index.php?option=com_k2&amp;view=item&amp;id=231:kacheishvili-tamaz&amp;Itemid=129&amp;lang=ge	https://declaration.gov.ge/declaration.php?id=44069	80	1	http://ka.wikipedia.org/w/index.php?search=ყაჭეიშვილი%20თამაზ	https://twitter.com/search?q=ყაჭეიშვილი%20თამაზ	http://www.facebook.com/search.php?q=ყაჭეიშვილი%20თამაზ	https://www.linkedin.com/vsearch/p?type=people&amp;keywords=ყაჭეიშვილი%20თამაზ 
ყეინიშვილი ნანა	ნანა	ყეინიშვილი	http://parliament.ge//index.php?option=com_k2&amp;view=item&amp;id=242:keinishvili-nana&amp;Itemid=129&amp;lang=ge	https://declaration.gov.ge/declaration.php?id=44070	79	1	http://ka.wikipedia.org/w/index.php?search=ყეინიშვილი%20ნანა	https://twitter.com/search?q=ყეინიშვილი%20ნანა	http://www.facebook.com/search.php?q=ყეინიშვილი%20ნანა	https://www.linkedin.com/vsearch/p?type=people&amp;keywords=ყეინიშვილი%20ნანა 
ყიფშიძე ნიკოლოზ	ნიკოლოზ	ყიფშიძე	http://parliament.ge//index.php?option=com_k2&amp;view=item&amp;id=230:kiphshidze-nikoloz&amp;Itemid=129&amp;lang=ge	https://declaration.gov.ge/declaration.php?id=44071	81	1	http://ka.wikipedia.org/w/index.php?search=ყიფშიძე%20ნიკოლოზ	https://twitter.com/search?q=ყიფშიძე%20ნიკოლოზ	http://www.facebook.com/search.php?q=ყიფშიძე%20ნიკოლოზ	https://www.linkedin.com/vsearch/p?type=people&amp;keywords=ყიფშიძე%20ნიკოლოზ 
შავგულიძე შალვა	შალვა	შავგულიძე	http://parliament.ge//index.php?option=com_k2&amp;view=item&amp;id=248:shavgulidze-shalva&amp;Itemid=129&amp;lang=ge	https://declaration.gov.ge/declaration.php?id=44072	80	1	http://ka.wikipedia.org/w/index.php?search=შავგულიძე%20შალვა	https://twitter.com/search?q=შავგულიძე%20შალვა	http://www.facebook.com/search.php?q=შავგულიძე%20შალვა	https://www.linkedin.com/vsearch/p?type=people&amp;keywords=შავგულიძე%20შალვა 
შავლოხაშვილი რევაზ	რევაზ	შავლოხაშვილი	http://parliament.ge//index.php?option=com_k2&amp;view=item&amp;id=182:shavlokhashvili-revaz&amp;Itemid=129&amp;lang=ge	https://declaration.gov.ge/declaration.php?id=45638	219	1	http://ka.wikipedia.org/w/index.php?search=შავლოხაშვილი%20რევაზ	https://twitter.com/search?q=შავლოხაშვილი%20რევაზ	http://www.facebook.com/search.php?q=შავლოხაშვილი%20რევაზ	https://www.linkedin.com/vsearch/p?type=people&amp;keywords=შავლოხაშვილი%20რევაზ 
შერვაშიძე იაშა	იაშა	შერვაშიძე	http://parliament.ge//index.php?option=com_k2&amp;view=item&amp;id=114:shervashidze-iasha&amp;Itemid=129&amp;lang=ge	https://declaration.gov.ge/declaration.php?id=45800	221	4	http://ka.wikipedia.org/w/index.php?search=შერვაშიძე%20იაშა	https://twitter.com/search?q=შერვაშიძე%20იაშა	http://www.facebook.com/search.php?q=შერვაშიძე%20იაშა	https://www.linkedin.com/vsearch/p?type=people&amp;keywords=შერვაშიძე%20იაშა 
შიოშვილი თამაზ	თამაზ	შიოშვილი	http://parliament.ge//index.php?option=com_k2&amp;view=item&amp;id=244:shioshvili-tamaz&amp;Itemid=129&amp;lang=ge	https://declaration.gov.ge/declaration.php?id=44533	75	1	http://ka.wikipedia.org/w/index.php?search=შიოშვილი%20თამაზ	https://twitter.com/search?q=შიოშვილი%20თამაზ	http://www.facebook.com/search.php?q=შიოშვილი%20თამაზ	https://www.linkedin.com/vsearch/p?type=people&amp;keywords=შიოშვილი%20თამაზ 
ჩაფიძე ელისო	ელისო	ჩაფიძე	http://parliament.ge//index.php?option=com_k2&amp;view=item&amp;id=147:chaphidze-eliso&amp;Itemid=129&amp;lang=ge	https://declaration.gov.ge/declaration.php?id=44073	78	1	http://ka.wikipedia.org/w/index.php?search=ჩაფიძე%20ელისო	https://twitter.com/search?q=ჩაფიძე%20ელისო	http://www.facebook.com/search.php?q=ჩაფიძე%20ელისო	https://www.linkedin.com/vsearch/p?type=people&amp;keywords=ჩაფიძე%20ელისო 
ჩიქოვანი ირაკლი	ირაკლი	ჩიქოვანი	http://parliament.ge//index.php?option=com_k2&amp;view=item&amp;id=235:chikovani-irakli&amp;Itemid=129&amp;lang=ge	https://declaration.gov.ge/declaration.php?id=44075	79	1	http://ka.wikipedia.org/w/index.php?search=ჩიქოვანი%20ირაკლი	https://twitter.com/search?q=ჩიქოვანი%20ირაკლი	http://www.facebook.com/search.php?q=ჩიქოვანი%20ირაკლი	https://www.linkedin.com/vsearch/p?type=people&amp;keywords=ჩიქოვანი%20ირაკლი 
ჩილინგარაშვილი ზურაბ	ზურაბ	ჩილინგარაშვილი	http://parliament.ge//index.php?option=com_k2&amp;view=item&amp;id=148:chilingarashvili-zurab&amp;Itemid=129&amp;lang=ge	https://declaration.gov.ge/declaration.php?id=44074	70	1	http://ka.wikipedia.org/w/index.php?search=ჩილინგარაშვილი%20ზურაბ	https://twitter.com/search?q=ჩილინგარაშვილი%20ზურაბ	http://www.facebook.com/search.php?q=ჩილინგარაშვილი%20ზურაბ	https://www.linkedin.com/vsearch/p?type=people&amp;keywords=ჩილინგარაშვილი%20ზურაბ 
ჩიტაშვილი ვაჟა	ვაჟა	ჩიტაშვილი	http://parliament.ge//index.php?option=com_k2&amp;view=item&amp;id=184:chitashvili-vazha&amp;Itemid=129&amp;lang=ge	https://declaration.gov.ge/declaration.php?id=45390	204	1	http://ka.wikipedia.org/w/index.php?search=ჩიტაშვილი%20ვაჟა	https://twitter.com/search?q=ჩიტაშვილი%20ვაჟა	http://www.facebook.com/search.php?q=ჩიტაშვილი%20ვაჟა	https://www.linkedin.com/vsearch/p?type=people&amp;keywords=ჩიტაშვილი%20ვაჟა 
ჩხაიძე თეიმურაზ	თეიმურაზ	ჩხაიძე	http://parliament.ge//index.php?option=com_k2&amp;view=item&amp;id=145:chkhaidze-teimuraz&amp;Itemid=129&amp;lang=ge	https://declaration.gov.ge/declaration.php?id=44076	67	1	http://ka.wikipedia.org/w/index.php?search=ჩხაიძე%20თეიმურაზ	https://twitter.com/search?q=ჩხაიძე%20თეიმურაზ	http://www.facebook.com/search.php?q=ჩხაიძე%20თეიმურაზ	https://www.linkedin.com/vsearch/p?type=people&amp;keywords=ჩხაიძე%20თეიმურაზ 
ჩრდილელი ოთარ	ოთარ	ჩრდილელი	http://parliament.ge//index.php?option=com_k2&amp;view=item&amp;id=229:chrdileli-otar&amp;Itemid=129&amp;lang=ge	https://declaration.gov.ge/declaration.php?id=44537	103	1	http://ka.wikipedia.org/w/index.php?search=ჩრდილელი%20ოთარ	https://twitter.com/search?q=ჩრდილელი%20ოთარ	http://www.facebook.com/search.php?q=ჩრდილელი%20ოთარ	https://www.linkedin.com/vsearch/p?type=people&amp;keywords=ჩრდილელი%20ოთარ 
ცაგარეიშვილი გიორგი	გიორგი	ცაგარეიშვილი	http://parliament.ge//index.php?option=com_k2&amp;view=item&amp;id=131:tsagareishvili-giorgi&amp;Itemid=129&amp;lang=ge	https://declaration.gov.ge/declaration.php?id=45973	228	4	http://ka.wikipedia.org/w/index.php?search=ცაგარეიშვილი%20გიორგი	https://twitter.com/search?q=ცაგარეიშვილი%20გიორგი	http://www.facebook.com/search.php?q=ცაგარეიშვილი%20გიორგი	https://www.linkedin.com/vsearch/p?type=people&amp;keywords=ცაგარეიშვილი%20გიორგი 
ცისკარიშვილი პეტრე	პეტრე	ცისკარიშვილი	http://parliament.ge//index.php?option=com_k2&amp;view=item&amp;id=134:tsiskarishvili-petre&amp;Itemid=129&amp;lang=ge	https://declaration.gov.ge/declaration.php?id=45974	234	4	http://ka.wikipedia.org/w/index.php?search=ცისკარიშვილი%20პეტრე	https://twitter.com/search?q=ცისკარიშვილი%20პეტრე	http://www.facebook.com/search.php?q=ცისკარიშვილი%20პეტრე	https://www.linkedin.com/vsearch/p?type=people&amp;keywords=ცისკარიშვილი%20პეტრე 
ძიძიგური ზვიად	ზვიად	ძიძიგური	http://parliament.ge//index.php?option=com_k2&amp;view=item&amp;id=168:dzidziguri-zviad&amp;Itemid=129&amp;lang=ge	https://declaration.gov.ge/declaration.php?id=44077	80	1	http://ka.wikipedia.org/w/index.php?search=ძიძიგური%20ზვიად	https://twitter.com/search?q=ძიძიგური%20ზვიად	http://www.facebook.com/search.php?q=ძიძიგური%20ზვიად	https://www.linkedin.com/vsearch/p?type=people&amp;keywords=ძიძიგური%20ზვიად 
წერეთელი გიორგი (გიგი)	გიორგი	წერეთელი	http://parliament.ge//index.php?option=com_k2&amp;view=item&amp;id=132:tsereteli-giorgi&amp;Itemid=129&amp;lang=ge	https://declaration.gov.ge/declaration.php?id=45958	234	4	http://ka.wikipedia.org/w/index.php?search=წერეთელი%20გიორგი	https://twitter.com/search?q=წერეთელი%20გიორგი	http://www.facebook.com/search.php?q=წერეთელი%20გიორგი	https://www.linkedin.com/vsearch/p?type=people&amp;keywords=წერეთელი%20გიორგი 
წერეთელი მალხაზ	მალხაზ	წერეთელი	http://parliament.ge//index.php?option=com_k2&amp;view=item&amp;id=174:tsereteli-malkhaz&amp;Itemid=129&amp;lang=ge	https://declaration.gov.ge/declaration.php?id=44078	77	1	http://ka.wikipedia.org/w/index.php?search=წერეთელი%20მალხაზ	https://twitter.com/search?q=წერეთელი%20მალხაზ	http://www.facebook.com/search.php?q=წერეთელი%20მალხაზ	https://www.linkedin.com/vsearch/p?type=people&amp;keywords=წერეთელი%20მალხაზ 
წიკლაური მირიან	მირიან	წიკლაური	http://parliament.ge//index.php?option=com_k2&amp;view=item&amp;id=255:tsiklauri-mirian&amp;Itemid=117&amp;lang=ge	https://declaration.gov.ge/declaration.php?id=44079	81	1	http://ka.wikipedia.org/w/index.php?search=წიკლაური%20მირიან	https://twitter.com/search?q=წიკლაური%20მირიან	http://www.facebook.com/search.php?q=წიკლაური%20მირიან	https://www.linkedin.com/vsearch/p?type=people&amp;keywords=წიკლაური%20მირიან 
წიკლაური ნუგზარ	ნუგზარ	წიკლაური	http://parliament.ge//index.php?option=com_k2&amp;view=item&amp;id=133:tsiklauri-nugzar&amp;Itemid=129&amp;lang=ge	https://declaration.gov.ge/declaration.php?id=45793	227	4	http://ka.wikipedia.org/w/index.php?search=წიკლაური%20ნუგზარ	https://twitter.com/search?q=წიკლაური%20ნუგზარ	http://www.facebook.com/search.php?q=წიკლაური%20ნუგზარ	https://www.linkedin.com/vsearch/p?type=people&amp;keywords=წიკლაური%20ნუგზარ 
ჭავჭანიძე დავით	დავით	ჭავჭანიძე	http://parliament.ge//index.php?option=com_k2&amp;view=item&amp;id=23:chavchanidze-david&amp;Itemid=129&amp;lang=ge	https://declaration.gov.ge/declaration.php?id=45705	221	4	http://ka.wikipedia.org/w/index.php?search=ჭავჭანიძე%20დავით	https://twitter.com/search?q=ჭავჭანიძე%20დავით	http://www.facebook.com/search.php?q=ჭავჭანიძე%20დავით	https://www.linkedin.com/vsearch/p?type=people&amp;keywords=ჭავჭანიძე%20დავით 
ჭკუასელი თეიმურაზ	თეიმურაზ	ჭკუასელი	http://parliament.ge//index.php?option=com_k2&amp;view=item&amp;id=146:chkuaseli-teimuraz&amp;Itemid=129&amp;lang=ge	https://declaration.gov.ge/declaration.php?id=44081	77	1	http://ka.wikipedia.org/w/index.php?search=ჭკუასელი%20თეიმურაზ	https://twitter.com/search?q=ჭკუასელი%20თეიმურაზ	http://www.facebook.com/search.php?q=ჭკუასელი%20თეიმურაზ	https://www.linkedin.com/vsearch/p?type=people&amp;keywords=ჭკუასელი%20თეიმურაზ 
ხაბარელი შოთა	შოთა	ხაბარელი	http://parliament.ge//index.php?option=com_k2&amp;view=item&amp;id=172:khabareli-shota&amp;Itemid=129&amp;lang=ge	https://declaration.gov.ge/declaration.php?id=44082	79	1	http://ka.wikipedia.org/w/index.php?search=ხაბარელი%20შოთა	https://twitter.com/search?q=ხაბარელი%20შოთა	http://www.facebook.com/search.php?q=ხაბარელი%20შოთა	https://www.linkedin.com/vsearch/p?type=people&amp;keywords=ხაბარელი%20შოთა 
ხაბელოვი ლერი	ლერი	ხაბელოვი	http://parliament.ge//index.php?option=com_k2&amp;view=item&amp;id=176:khabelovi-leri&amp;Itemid=129&amp;lang=ge	https://declaration.gov.ge/declaration.php?id=44083	81	1	http://ka.wikipedia.org/w/index.php?search=ხაბელოვი%20ლერი	https://twitter.com/search?q=ხაბელოვი%20ლერი	http://www.facebook.com/search.php?q=ხაბელოვი%20ლერი	https://www.linkedin.com/vsearch/p?type=people&amp;keywords=ხაბელოვი%20ლერი 
ხაბულიანი სერგო	სერგო	ხაბულიანი	http://parliament.ge//index.php?option=com_k2&amp;view=item&amp;id=181:khabuliani-sergo&amp;Itemid=129&amp;lang=ge	https://declaration.gov.ge/declaration.php?id=44084	58	1	http://ka.wikipedia.org/w/index.php?search=ხაბულიანი%20სერგო	https://twitter.com/search?q=ხაბულიანი%20სერგო	http://www.facebook.com/search.php?q=ხაბულიანი%20სერგო	https://www.linkedin.com/vsearch/p?type=people&amp;keywords=ხაბულიანი%20სერგო 
ხაჩიძე გიორგი	გიორგი	ხაჩიძე	http://parliament.ge//index.php?option=com_k2&amp;view=item&amp;id=232:khachidze-giorgi&amp;Itemid=129&amp;lang=ge	https://declaration.gov.ge/declaration.php?id=45956	226	1	http://ka.wikipedia.org/w/index.php?search=ხაჩიძე%20გიორგი	https://twitter.com/search?q=ხაჩიძე%20გიორგი	http://www.facebook.com/search.php?q=ხაჩიძე%20გიორგი	https://www.linkedin.com/vsearch/p?type=people&amp;keywords=ხაჩიძე%20გიორგი 
ხალვაში ფატი	ფატი	ხალვაში	http://parliament.ge//index.php?option=com_k2&amp;view=item&amp;id=167:khalvashi-fati&amp;Itemid=129&amp;lang=ge	https://declaration.gov.ge/declaration.php?id=44087	75	1	http://ka.wikipedia.org/w/index.php?search=ხალვაში%20ფატი	https://twitter.com/search?q=ხალვაში%20ფატი	http://www.facebook.com/search.php?q=ხალვაში%20ფატი	https://www.linkedin.com/vsearch/p?type=people&amp;keywords=ხალვაში%20ფატი 
ხალვაში როსტომ	როსტომ	ხალვაში	http://parliament.ge//index.php?option=com_k2&amp;view=item&amp;id=170:khalvashi-rostom&amp;Itemid=129&amp;lang=ge	https://declaration.gov.ge/declaration.php?id=44086	79	1	http://ka.wikipedia.org/w/index.php?search=ხალვაში%20როსტომ	https://twitter.com/search?q=ხალვაში%20როსტომ	http://www.facebook.com/search.php?q=ხალვაში%20როსტომ	https://www.linkedin.com/vsearch/p?type=people&amp;keywords=ხალვაში%20როსტომ 
ხეჩინაშვილი გიორგი	გიორგი	ხეჩინაშვილი	http://parliament.ge//index.php?option=com_k2&amp;view=item&amp;id=233:khechinashvili-giorgi&amp;Itemid=129&amp;lang=ge	https://declaration.gov.ge/declaration.php?id=44088	79	1	http://ka.wikipedia.org/w/index.php?search=ხეჩინაშვილი%20გიორგი	https://twitter.com/search?q=ხეჩინაშვილი%20გიორგი	http://www.facebook.com/search.php?q=ხეჩინაშვილი%20გიორგი	https://www.linkedin.com/vsearch/p?type=people&amp;keywords=ხეჩინაშვილი%20გიორგი 
ხიდაშელი თინათინ	თინათინ	ხიდაშელი	http://parliament.ge//index.php?option=com_k2&amp;view=item&amp;id=161:khidasheli-tinatin&amp;Itemid=129&amp;lang=ge	https://declaration.gov.ge/declaration.php?id=44090	80	1	http://ka.wikipedia.org/w/index.php?search=ხიდაშელი%20თინათინ	https://twitter.com/search?q=ხიდაშელი%20თინათინ	http://www.facebook.com/search.php?q=ხიდაშელი%20თინათინ	https://www.linkedin.com/vsearch/p?type=people&amp;keywords=ხიდაშელი%20თინათინ 
ხმალაძე ვახტანგ	ვახტანგ	ხმალაძე	http://parliament.ge//index.php?option=com_k2&amp;view=item&amp;id=165:khmaladze-vakhtang&amp;Itemid=129&amp;lang=ge	https://declaration.gov.ge/declaration.php?id=47806	405	2	http://ka.wikipedia.org/w/index.php?search=ხმალაძე%20ვახტანგ	https://twitter.com/search?q=ხმალაძე%20ვახტანგ	http://www.facebook.com/search.php?q=ხმალაძე%20ვახტანგ	https://www.linkedin.com/vsearch/p?type=people&amp;keywords=ხმალაძე%20ვახტანგ 
ხუბულური თენგიზ	თენგიზ	ხუბულური	http://parliament.ge//index.php?option=com_k2&amp;view=item&amp;id=250:khubuluri-tengiz&amp;Itemid=129&amp;lang=ge	https://declaration.gov.ge/declaration.php?id=44531	78	1	http://ka.wikipedia.org/w/index.php?search=ხუბულური%20თენგიზ	https://twitter.com/search?q=ხუბულური%20თენგიზ	http://www.facebook.com/search.php?q=ხუბულური%20თენგიზ	https://www.linkedin.com/vsearch/p?type=people&amp;keywords=ხუბულური%20თენგიზ 
ხუნდაძე დიმიტრი	დიმიტრი	ხუნდაძე	http://parliament.ge//index.php?option=com_k2&amp;view=item&amp;id=247:khundadze-dimitri&amp;Itemid=129&amp;lang=ge	https://declaration.gov.ge/declaration.php?id=44092	79	1	http://ka.wikipedia.org/w/index.php?search=ხუნდაძე%20დიმიტრი	https://twitter.com/search?q=ხუნდაძე%20დიმიტრი	http://www.facebook.com/search.php?q=ხუნდაძე%20დიმიტრი	https://www.linkedin.com/vsearch/p?type=people&amp;keywords=ხუნდაძე%20დიმიტრი 
ჯაჭვლიანი იოსებ	იოსებ	ჯაჭვლიანი	http://parliament.ge//index.php?option=com_k2&amp;view=item&amp;id=153:jachvliani-ioseb&amp;Itemid=129&amp;lang=ge	https://declaration.gov.ge/declaration.php?id=44097	58	1	http://ka.wikipedia.org/w/index.php?search=ჯაჭვლიანი%20იოსებ	https://twitter.com/search?q=ჯაჭვლიანი%20იოსებ	http://www.facebook.com/search.php?q=ჯაჭვლიანი%20იოსებ	https://www.linkedin.com/vsearch/p?type=people&amp;keywords=ჯაჭვლიანი%20იოსებ 
ჯანაშია ნაული	ნაული	ჯანაშია	http://parliament.ge//index.php?option=com_k2&amp;view=item&amp;id=51:janashia-nauli&amp;Itemid=129&amp;lang=ge	https://declaration.gov.ge/declaration.php?id=45801	226	4	http://ka.wikipedia.org/w/index.php?search=ჯანაშია%20ნაული	https://twitter.com/search?q=ჯანაშია%20ნაული	http://www.facebook.com/search.php?q=ჯანაშია%20ნაული	https://www.linkedin.com/vsearch/p?type=people&amp;keywords=ჯანაშია%20ნაული 
ჯაფარიძე თამაზ	თამაზ	ჯაფარიძე	http://parliament.ge//index.php?option=com_k2&amp;view=item&amp;id=154:japharidze-tamaz&amp;Itemid=129&amp;lang=ge	https://declaration.gov.ge/declaration.php?id=44096	81	1	http://ka.wikipedia.org/w/index.php?search=ჯაფარიძე%20თამაზ	https://twitter.com/search?q=ჯაფარიძე%20თამაზ	http://www.facebook.com/search.php?q=ჯაფარიძე%20თამაზ	https://www.linkedin.com/vsearch/p?type=people&amp;keywords=ჯაფარიძე%20თამაზ 
ჯაფარიძე თედო	თედო	ჯაფარიძე	http://parliament.ge//index.php?option=com_k2&amp;view=item&amp;id=222:japharidze-tedo&amp;Itemid=129&amp;lang=ge	https://declaration.gov.ge/declaration.php?id=44095	78	1	http://ka.wikipedia.org/w/index.php?search=ჯაფარიძე%20თედო	https://twitter.com/search?q=ჯაფარიძე%20თედო	http://www.facebook.com/search.php?q=ჯაფარიძე%20თედო	https://www.linkedin.com/vsearch/p?type=people&amp;keywords=ჯაფარიძე%20თედო 
ჯაფარიძე ვიქტორ	ვიქტორ	ჯაფარიძე	http://parliament.ge//index.php?option=com_k2&amp;view=item&amp;id=240:japharidze-viktor&amp;Itemid=129&amp;lang=ge	https://declaration.gov.ge/declaration.php?id=44093	71	1	http://ka.wikipedia.org/w/index.php?search=ჯაფარიძე%20ვიქტორ	https://twitter.com/search?q=ჯაფარიძე%20ვიქტორ	http://www.facebook.com/search.php?q=ჯაფარიძე%20ვიქტორ	https://www.linkedin.com/vsearch/p?type=people&amp;keywords=ჯაფარიძე%20ვიქტორ 
ჯაფარიძე ზურაბ	ზურაბ	ჯაფარიძე	http://parliament.ge//index.php?option=com_k2&amp;view=item&amp;id=224:japharidze-zurab&amp;Itemid=129&amp;lang=ge	https://declaration.gov.ge/declaration.php?id=44094	81	1	http://ka.wikipedia.org/w/index.php?search=ჯაფარიძე%20ზურაბ	https://twitter.com/search?q=ჯაფარიძე%20ზურაბ	http://www.facebook.com/search.php?q=ჯაფარიძე%20ზურაბ	https://www.linkedin.com/vsearch/p?type=people&amp;keywords=ჯაფარიძე%20ზურაბ
