2013-11-20	1629-რს	საქართველოს პარლამენტის რეგლამენტში ცვლილების შეტანის შესახებ 1629 -რს,	http://parliament.ge/files/Voting_Records/25.11.13/1629.docx 
2013-11-20	1628-რს	'მაუწყებლობის შესახებ' საქართველოს კანონში ცვლილების შეტანის თაობაზე' საქართველოს კანონში ცვლილების შეტანის შესახებ 1628 -რს,	http://parliament.ge/files/Voting_Records/25.11.13/1628.docx 
2013-11-13	1526-Iს	'საჯარო სამსახურში ინტერესთა შეუთავსებლობისა და კორუფციის შესახებ' საქართველოს კანონში ცვლილების შეტანის თაობაზე 1526 -Iს,	http://parliament.ge/files/Voting_Records/25.11.13/1526.docx 
2013-11-13	1525-Iს	საქართველოს სამოქალაქო საპროცესო კოდექსში ცვლილების შეტანის შესახებ 1525 -Iს,	http://parliament.ge/files/Voting_Records/25.11.13/1525.docx 
2013-11-01	1489-Iს	'საერთო სასამართლოების შესახებ' საქართველოს ორგანულ კანონში ცვლილების შეტანის თაობაზე 1489 -Iს,	http://parliament.ge/files/Voting_Records/12.11.13/1489.docx 
2013-11-01	1491-Iს	'სახელმწიფო კომპენსაციისა და სახელმწიფო აკადემიური სტიპენდიის შესახებ' საქართველოს კანონში ცვლილების შეტანის თაობაზე 1491 -Iს,	http://parliament.ge/files/Voting_Records/12.11.13/1491.docx 
2013-11-01	1490-Iს	'სახელმწიფო პენსიის შესახებ' საქართველოს კანონში ცვლილების შეტანის თაობაზე 1490 -Iს,	http://parliament.ge/files/Voting_Records/12.11.13/1490.docx 
2013-10-04	1473-Iს	საქართველოს სისხლის სამართლის საპროცესო კოდექსში ცვლილების შეტანის შესახებ 1473 -Iს,	http://parliament.ge/files/Voting_Records/30.10.13/1473.docx 
2013-10-04	1472-Iს	'ნარკოტიკული დანაშაულის წინააღმდეგ ბრძოლის შესახებ' საქართველოს კანონში ცვლილების შეტანის თაობაზე 1472 -Iს,	http://parliament.ge/files/Voting_Records/30.10.13/1472.docx 
2013-10-04	1471-Iს	საქართველოს სისხლის სამართლის კოდექსში ცვლილების შეტანის შესახებ 1471 -Iს,	http://parliament.ge/files/Voting_Records/30.10.13/1471.docx 
2013-10-04	1470-Iს	'არასაპატიმრო სასჯელთა აღსრულების წესისა და პრობაციის შესახებ' საქართველოს კანონში ცვლილების შეტანის თაობაზე 1470 -Iს,	http://parliament.ge/files/Voting_Records/30.10.13/1470.docx 
2013-10-04	1469-Iს	'დაზღვევის შესახებ' საქართველოს კანონში ცვლილების შეტანის თაობაზე 1469 -Iს,	http://parliament.ge/files/Voting_Records/30.10.13/1469.docx 
2013-10-04	1468-Iს	'სამეწარმეო საქმიანობის კონტროლის შესახებ' საქართველოს კანონში ცვლილების შეტანის თაობაზე 1468 -Iს,	http://parliament.ge/files/Voting_Records/30.10.13/1468.docx 
2013-10-04	1467-Iს	სააღსრულებო წარმოებათა შესახებ' საქართველოს კანონში ცვლილების შეტანის თაობაზე 1467 -Iს,	http://parliament.ge/files/Voting_Records/30.10.13/1467.docx 
2013-10-04	1466-Iს	'საჯარო სამართლის იურიდიული პირის – ლევან სამხარაულის სახელობის სასამართლო ექსპერტიზის ეროვნული ბიუროს შექმნის შესახებ' საქართველოს კანონში ცვლილების შეტანის თაობაზე 1466 -Iს,	http://parliament.ge/files/Voting_Records/30.10.13/1466.docx 
2013-10-04	1465-Iს	'ბუნებრივი და ტექნოგენური ხასიათის საგანგებო სიტუაციებისაგან მოსახლეობისა და ტერიტორიის დაცვის შესახებ' საქართველოს კანონში ცვლილების შეტანის თაობაზე 1465 -Iს,	http://parliament.ge/files/Voting_Records/30.10.13/1465.docx 
2013-10-04	1463-Iს	'საქართველოს მთავრობის სტრუქტურის, უფლებამოსილებისა და საქმიანობის წესის შესახებ' საქართველოს კანონში ცვლილების შეტანის თაობაზე 1463 -Iს,	http://parliament.ge/files/Voting_Records/30.10.13/1463.docx 
2013-10-04	1456-Iს	'საქართველოს კონსტიტუციაში ცვლილებებისა და დამატებების შეტანის შესახებ' საქართველოს კონსტიტუციურ კანონში ცვლილების შეტანის თაობაზე 1456 -Iს,	http://parliament.ge/files/Voting_Records/30.10.13/1456.docx 
2013-10-04	1447-Iს	საქართველოს საგადასახადო კოდექსში ცვლილების შეტანის შესახებ 1447 -Iს,	http://parliament.ge/files/Voting_Records/30.10.13/1447.docx 
2013-10-04	1446-Iს	'სახელმწიფო შიდა ფინანსური კონტროლის შესახებ' საქართველოს კანონში ცვლილების შეტანის თაობაზე 1446 -Iს,	http://parliament.ge/files/Voting_Records/30.10.13/1446.docx 
2013-10-04	1445-Iს	'სამხედრო ვალდებულებისა და სამხედრო სამსახურის შესახებ' საქართველოს კანონში ცვლილების შეტანის თაობაზე 1445 -Iს,	http://parliament.ge/files/Voting_Records/30.10.13/1445.docx 
2013-10-04	1444-Iს	პოლიციის შესახებ 1444 -Iს,	http://parliament.ge/files/Voting_Records/30.10.13/1444.docx 
2013-10-04	1443-Iს	საქართველოს სისხლის სამართლის საპროცესო კოდექსში ცვლილების შეტანის შესახებ 1443 -Iს,	http://parliament.ge/files/Voting_Records/30.10.13/1443.docx 
2013-10-04	1442-Iს	'დიპლომატიური სამსახურის შესახებ' საქართველოს კანონში ცვლილების შეტანის თაობაზე 1442 -Iს,	http://parliament.ge/files/Voting_Records/30.10.13/1442.docx 
2013-10-04	1441-Iს	სამართალდაცვით სფეროში საერთაშორისო თანამშრომლობის შესახებ 1441 -Iს,	http://parliament.ge/files/Voting_Records/29.10.13/1441.docx 
2013-10-02	1400-Iს	საქართველოს პარლამენტის რეგლამენტში ცვლილების შეტანის შესახებ 1400 -Iს,	http://parliament.ge/files/Voting_Records/11.10.13/1400.docx 
2013-09-27	1394-რს	საჯარო სამსახურის შესახებ' საქართველოს კანონში ცვლილების შეტანის თაობაზე 1394 -რს,	http://parliament.ge/files/Voting_Records/11.10.13/1394.docx 
2013-09-27	1393-რს	საქართველოს ორგანულ კანონში 'საქართველოს შრომის კოდექსი' ცვლილების შეტანის შესახებ 1393 -რს,	http://parliament.ge/files/Voting_Records/11.10.13/1393.docx 
2013-09-27	1392-რს	საგზაო მოძრაობის უსაფრთხოების შესახებ' საქართველოს კანონში ცვლილების შეტანის თაობაზე 1392 -რს,	http://parliament.ge/files/Voting_Records/11.10.13/1392.docx 
2013-09-27	1391-რს	'სამხედრო მოსამსახურის სტატუსის შესახებ' საქართველოს კანონში ცვლილების შეტანის თაობაზე 1391 -რს,	http://parliament.ge/files/Voting_Records/11.10.13/1391.docx 
2013-09-27	1390-რს	'სამხედრო სავალდებულო სამსახურის გადავადების მოსაკრებლის შესახებ' საქართველოს კანონში ცვლილების შეტანის თაობაზე 1390 -რს,	http://parliament.ge/files/Voting_Records/11.10.13/1390.docx 
2013-09-27	1389-რს	მობილიზაციის შესახებ' საქართველოს კანონში ცვლილების შეტანის თაობაზე 1389 -რს,	http://parliament.ge/files/Voting_Records/11.10.13/1389.docx 
2013-09-27	1388-რს	'საქართველოს შეიარაღებული ძალების სამშვიდობო ოპერაციებში მონაწილეობის შესახებ' საქართველოს კანონში ცვლილების შეტანის თაობაზე 1388 -რს,	http://parliament.ge/files/Voting_Records/11.10.13/1388.docx 
2013-09-27	1387-რს	'სამხედრო ვალდებულებისა და სამხედრო სამსახურის შესახებ' საქართველოს კანონში ცვლილების შეტანის თაობაზე 1387 -რს,	http://parliament.ge/files/Voting_Records/11.10.13/1387.docx 
2013-09-27	1386-რს	თავდაცვის დაგეგმვის შესახებ' საქართველოს კანონში ცვლილების შეტანის თაობაზე 1386 -რს,	http://parliament.ge/files/Voting_Records/11.10.13/1386.docx 
2013-09-27	1385-რს	ომისა და სამხედრო ძალების ვეტერანების შესახებ' საქართველოს კანონში ცვლილების შეტანის თაობაზე 1385 -რს,	http://parliament.ge/files/Voting_Records/11.10.13/1385.docx 
2013-09-27	1384-რს	'არასამხედრო , ალტერნატიული შრომითი სამსახურის შესახებ' საქართველოს კანონში ცვლილების შეტანის თაობაზე 1384 -რს,	http://parliament.ge/files/Voting_Records/11.10.13/1384.docx 
2013-09-27	1383-რს	'სამხედრო სარეზერვო სამსახურის შესახებ' საქართველოს კანონში ცვლილების შეტანის თაობაზე 1383 -რს,	http://parliament.ge/files/Voting_Records/11.10.13/1383.docx 
2013-09-27	1382-რს	'სახელმწიფო საიდუმლოების შესახებ' საქართველოს კანონში ცვლილების შეტანის თაობაზე 1382 -რს,	http://parliament.ge/files/Voting_Records/11.10.13/1382.docx 
2013-09-27	1381-რს	'სამხედრო პოლიციის შესახებ' საქართველოს კანონში ცვლილების შეტანის თაობაზე 1381 -რს,	http://parliament.ge/files/Voting_Records/11.10.13/1381.docx 
2013-09-27	1380-რს	შეიარაღების , სამხედრო ტექნიკისა და ორმაგი დანიშნულების პროდუქციის საექსპორტო და საიმპორტო კონტროლის შესახებ' საქართველოს კანონში ცვლილების შეტანის თაობაზე 1380 -რს,	http://parliament.ge/files/Voting_Records/11.10.13/1380.docx 
2013-09-27	1379-რს	საჯარო სამსახურის შესახებ' საქართველოს კანონში ცვლილების შეტანის თაობაზე 1379 -რს,	http://parliament.ge/files/Voting_Records/11.10.13/1379.docx 
2013-09-27	1362-რს	'მაუწყებლობის შესახებ' საქართველოს კანონში ცვლილების შეტანის თაობაზე 1362 -რს,	http://parliament.ge/files/Voting_Records/11.10.13/1362.docx 
2013-09-27	1361-რს	'ყოფილ სამხრეთ ოსეთის ავტონომიურ ოლქში კონფლიქტის მშვიდობიანი მოგვარებისათვის სათანადო პირობების შექმნის შესახებ' საქართველოს კანონში ცვლილების შეტანის თაობაზე 1361 -რს,	http://parliament.ge/files/Voting_Records/11.10.13/1361.docx 
2013-09-27	1360-რს	'იარაღის შესახებ' საქართველოს კანონში ცვლილების შეტანის თაობაზე 1360 -რს,	http://parliament.ge/files/Voting_Records/11.10.13/1360.docx 
2013-09-27	1359-რს	'საქართველოს საზღვაო სივრცის შესახებ' საქართველოს კანონში ცვლილების შეტანის თაობაზე 1359 -რს,	http://parliament.ge/files/Voting_Records/11.10.13/1359.docx 
2013-09-27	1358-რს	საქართველოს ადმინისტრაციულ სამართალდარღვევათა კოდექსში ცვლილების შეტანის შესახებ 1358 -რს,	http://parliament.ge/files/Voting_Records/11.10.13/1358.docx 
2013-09-27	1357-რს	'დაცული ტერიტორიების სისტემის შესახებ' საქართველოს კანონში ცვლილების შეტანის თაობაზე 1357 -რს,	http://parliament.ge/files/Voting_Records/11.10.13/1357.docx 
2013-09-25	1333-რს	'გეოგრაფიული ობიექტების სახელდების შესახებ' საქართველოს კანონში ცვლილების შეტანის თაობაზე 1333 -რს,	http://parliament.ge/files/Voting_Records/10.10.13/1333.docx 
2013-09-25	1332-რს	'კულტურულ ფასეულობათა საქართველოდან გატანისა და საქართველოში შემოტანის შესახებ' საქართველოს კანონში ცვლილების შეტანის თაობაზე 1332 -რს,	http://parliament.ge/files/Voting_Records/10.10.13/1332.docx 
2013-09-25	1331-რს	'მუზეუმების შესახებ' საქართველოს კანონში ცვლილების შეტანის თაობაზე 1331 -რს,	http://parliament.ge/files/Voting_Records/10.10.13/1331.docx 
2013-09-25	1330-რს	'კულტურული მემკვიდრეობის შესახებ' საქართველოს კანონში ცვლილების შეტანის თაობაზე 1330 -რს,	http://parliament.ge/files/Voting_Records/10.10.13/1330.docx 
2013-09-25	1329-რს	'კულტურის შესახებ' საქართველოს კანონში ცვლილების შეტანის თაობაზე 1329 -რს,	http://parliament.ge/files/Voting_Records/10.10.13/1329.docx 
2013-09-25	1328-რს	'საავტორო და მომიჯნავე უფლებების შესახებ' საქართველოს კანონში ცვლილების შეტანის თაობაზე 1328 -რს,	http://parliament.ge/files/Voting_Records/10.10.13/1328.docx 
2013-09-24	1295-რს	პატიმრობის კოდექსში ცვლილების შეტანის შესახებ 1295 -რს,	http://parliament.ge/files/Voting_Records/10.10.13/1295.docx 
2013-09-24	1294-რს	'იმპიჩმენტის შესახებ' საქართველოს ორგანული კანონის ძალადაკარგულად გამოცხადების თაობაზე 1294 -რს,	http://parliament.ge/files/Voting_Records/10.10.13/1294.docx 
2013-09-24	1293-რს	იმპიჩმენტის შესახებ 1293 -რს,	http://parliament.ge/files/Voting_Records/10.10.13/1293.docx 
2013-09-24	1292-რს	ოფიციალური სტატისტიკის შესახებ' საქართველოს კანონში ცვლილების შეტანის თაობაზე 1292 -რს,	http://parliament.ge/files/Voting_Records/10.10.13/1292.docx 
2013-09-24	1291-რს	'ელექტროენერგეტიკისა და ბუნებრივი გაზის შესახებ' საქართველოს კანონში ცვლილების შეტანის თაობაზე 1291 -რს,	http://parliament.ge/files/Voting_Records/10.10.13/1291.docx 
2013-09-24	1290-რს	'სივრცითი მოწყობისა და ქალაქთმშენებლობის საფუძვლების შესახებ' საქართველოს კანონში ცვლილების შეტანის თაობაზე 1290 -რს,	http://parliament.ge/files/Voting_Records/10.10.13/1290.docx 
2013-09-24	1289-რს	ტურიზმისა და კურორტების შესახებ' საქართველოს კანონში ცვლილების შეტანის თაობაზე 1289 -რს,	http://parliament.ge/files/Voting_Records/10.10.13/1289.docx 
2013-09-24	1288-რს	'საქართველოს ეროვნული საინვესტიციო სააგენტოს შესახებ' საქართველოს კანონში ცვლილების შეტანის თაობაზე 1288 -რს,	http://parliament.ge/files/Voting_Records/10.10.13/1288.docx 
2013-09-24	1287-რს	'სამშენებლო საქმიანობის შესახებ' საქართველოს კანონში ცვლილების შეტანის თაობაზე 1287 -რს,	http://parliament.ge/files/Voting_Records/10.10.13/1287.docx 
2013-09-24	1286-რს	საქართველოს საზღვაო კოდექსში ცვლილების შეტანის შესახებ 1286 -რს,	http://parliament.ge/files/Voting_Records/10.10.13/1286.docx 
2013-09-24	1285-რს	'სახელმწიფო შესყიდვების შესახებ' საქართველოს კანონში ცვლილების შეტანის თაობაზე' საქართველოს კანონში ცვლილების შეტანის შესახებ 1285 -რს,	http://parliament.ge/files/Voting_Records/10.10.13/1285.docx 
2013-09-24	1284-რს	'სახელმწიფო შესყიდვების შესახებ' საქართველოს კანონში ცვლილების შეტანის თაობაზე 1284 -რს,	http://parliament.ge/files/Voting_Records/10.10.13/1284.docx 
2013-09-20	1278-Iს	'გეოდეზიური და კარტოგრაფიული საქმიანობის შესახებ' საქართველოს კანონში ცვლილების შეტანის თაობაზე 1278 -Iს,	http://parliament.ge/files/Voting_Records/10.10.13/1278.docx 
2013-09-20	1276-Iს	'სახელმწიფო ვალის შესახებ' საქართველოს კანონში ცვლილების შეტანის თაობაზე 1276 -Iს,	http://parliament.ge/files/Voting_Records/10.10.13/1276.docx 
2013-09-20	1270-Iს	'საქართველოს პარლამენტის წევრის სტატუსის შესახებ' საქართველოს კანონში ცვლილების შეტანის თაობაზე 1270 -Iს,	http://parliament.ge/files/Voting_Records/10.10.13/1270.docx 
2013-09-20	1269-Iს	სახელმწიფო საიდუმლოების შესახებ' საქართველოს კანონში ცვლილების შეტანის თაობაზე 1269 -Iს,	http://parliament.ge/files/Voting_Records/10.10.13/1269.docx 
2013-09-20	1268-Iს	'ადამიანით ვაჭრობის ( ტრეფიკინგის ) წინააღმდეგ ბრძოლის შესახებ' საქართველოს კანონში ცვლილების შეტანის თაობაზე 1268 -Iს,	http://parliament.ge/files/Voting_Records/10.10.13/1268.docx 
2013-09-20	1267-Iს	'პროკურატურის შესახებ' საქართველოს კანონში ცვლილების შეტანის თაობაზე 1267 -Iს,	http://parliament.ge/files/Voting_Records/10.10.13/1267.docx 
2013-09-20	1266-Iს	'ტერორიზმთან ბრძოლის შესახებ' საქართველოს კანონში ცვლილების შეტანის თაობაზე 1266 -Iს,	http://parliament.ge/files/Voting_Records/10.10.13/1266.docx 
2013-09-20	1263-Iს	საქართველოს ზოგად ადმინისტრაციულ კოდექსში ცვლილების შეტანის შესახებ 1263 -Iს,	http://parliament.ge/files/Voting_Records/10.10.13/1263.docx 
2013-09-20	1262-Iს	'საჯარო სამსახურის შესახებ' საქართველოს კანონში ცვლილების შეტანის თაობაზე 1262 -Iს,	http://parliament.ge/files/Voting_Records/10.10.13/1262.docx 
2013-09-20	1261-Iს	საჯარო სამსახურში ინტერესთა შეუთავსებლობისა და კორუფციის შესახებ' საქართველოს კანონში ცვლილების შეტანის თაობაზე 1261 -Iს,	http://parliament.ge/files/Voting_Records/10.10.13/1261.docx 
2013-09-20	1259-Iს	'საპარლამენტო მდივნის შესახებ' საქართველოს კანონში ცვლილების შეტანის თაობაზე 1259 -Iს,	http://parliament.ge/files/Voting_Records/10.10.13/1259.docx 
2013-09-20	1258-Iს	'კურორტებისა და საკურორტო ადგილების სანიტარიული დაცვის ზონების შესახებ' საქართველოს კანონში ცვლილების შეტანის თაობაზე 1258 -Iს,	http://parliament.ge/files/Voting_Records/10.10.13/1258.docx 
2013-09-20	1253-Iს	ლობისტური საქმიანობის შესახებ' საქართველოს კანონში ცვლილების შეტანის თაობაზე 1253 -Iს,	http://parliament.ge/files/Voting_Records/10.10.13/1253.docx 
2013-09-20	1252-Iს	'უცხოეთში მცხოვრები თანამემამულეებისა და დიასპორული ორგანიზაციების შესახებ' საქართველოს კანონში ცვლილების შეტანის თაობაზე 1252 -Iს,	http://parliament.ge/files/Voting_Records/10.10.13/1252.docx 
2013-09-20	1251-Iს	'ოჯახში ძალადობის აღკვეთის , ოჯახში ძალადობის მსხვერპლთა დაცვისა და დახმარების შესახებ' საქართველოს კანონში ცვლილების შეტანის თაობაზე 1251 -Iს,	http://parliament.ge/files/Voting_Records/10.10.13/1251.docx 
2013-09-20	1249-Iს	'მოსაკრებლების სისტემის საფუძვლების შესახებ' საქართველოს კანონში ცვლილების შეტანის თაობაზე 1249 -Iს,	http://parliament.ge/files/Voting_Records/10.10.13/1249.docx 
2013-09-20	1248-Iს	ფიზიკური და კერძო სამართლის იურიდიული პირების მფლობელობაში ( სარგებლობაში ) არსებულ მიწის ნაკვეთებზე საკუთრების უფლების აღიარების შესახებ' საქართველოს კანონში ცვლილების შეტანის თაობაზე 1248 -Iს,	http://parliament.ge/files/Voting_Records/10.10.13/1248.docx 
2013-09-20	1247-Iს	'შეზღუდული შესაძლებლობის მქონე პირთა სოციალური დაცვის შესახებ' საქართველოს კანონში ცვლილების შეტანის თაობაზე 1247 -Iს,	http://parliament.ge/files/Voting_Records/10.10.13/1247.docx 
2013-09-20	1246-Iს	'საექიმო საქმიანობის შესახებ' საქართველოს კანონში ცვლილების შეტანის თაობაზე 1246 -Iს,	http://parliament.ge/files/Voting_Records/10.10.13/1246.docx 
2013-09-20	1245-Iს	'საარსებო მინიმუმის გაანგარიშების წესის შესახებ' საქართველოს კანონში ცვლილების შეტანის თაობაზე 1245 -Iს,	http://parliament.ge/files/Voting_Records/10.10.13/1245.docx 
2013-09-20	1244-Iს	'სისხლისა და მისი კომპონენტების დონორობის შესახებ' საქართველოს კანონში ცვლილების შეტანის თაობაზე 1244 -Iს,	http://parliament.ge/files/Voting_Records/10.10.13/1244.docx 
2013-09-20	1243-Iს	'ბავშვთა ბუნებრივი კვების დაცვისა და ხელშეწყობის , ხელოვნური საკვების მოხმარების შესახებ' საქართველოს კანონში ცვლილების შეტანის თაობაზე 1243 -Iს,	http://parliament.ge/files/Voting_Records/10.10.13/1243.docx 
2013-09-20	1242-Iს	'ადამიანის ორგანოთა გადანერგვის შესახებ' საქართველოს კანონში ცვლილების შეტანის თაობაზე 1242 -Iს,	http://parliament.ge/files/Voting_Records/10.10.13/1242.docx 
2013-09-20	1241-Iს	'ჯანმრთელობის დაცვის შესახებ' საქართველოს კანონში ცვლილების შეტანის თაობაზე 1241 -Iს,	http://parliament.ge/files/Voting_Records/10.10.13/1241.docx 
2013-09-20	1239-Iს	'საქართველოს დაზვერვის სამსახურის შესახებ' საქართველოს კანონში ცვლილების შეტანის თაობაზე 1239 -Iს,	http://parliament.ge/files/Voting_Records/10.10.13/1239.docx 
2013-09-20	1238-Iს	ნდობის ჯგუფის შესახებ' საქართველოს კანონში ცვლილების შეტანის თაობაზე 1238 -Iს,	http://parliament.ge/files/Voting_Records/10.10.13/1238.docx 
2013-09-20	1236-Iს	'სადაზვერვო საქმიანობის შესახებ' საქართველოს კანონში ცვლილების შეტანის თაობაზე 1236 -Iს,	http://parliament.ge/files/Voting_Records/10.10.13/1236.docx 
2013-09-20	1235-Iს	'პირდაპირი სახელმწიფო მმართველობის შესახებ' საქართველოს კანონში ცვლილების შეტანის თაობაზე 1235 -Iს,	http://parliament.ge/files/Voting_Records/10.10.13/1235.docx 
2013-09-20	1234-Iს	'სამეწარმეო საქმიანობის კონტროლის შესახებ' საქართველოს კანონში ცვლილების შეტანის თაობაზე 1234 -Iს,	http://parliament.ge/files/Voting_Records/10.10.13/1234.docx 
2013-09-20	1233-Iს	საქართველოს სახელმწიფო მატერიალური რეზერვების შესახებ' საქართველოს კანონში ცვლილების შეტანის თაობაზე 1233 -Iს,	http://parliament.ge/files/Voting_Records/10.10.13/1233.docx 
2013-09-20	1232-Iს	'ადგილობრივი თვითმმართველობის შესახებ' საქართველოს ორგანულ კანონში ცვლილების შეტანის თაობაზე 1232 -Iს,	http://parliament.ge/files/Voting_Records/10.10.13/1232.docx 
2013-09-20	1231-Iს	'ადგილობრივი თვითმმართველობის ორგანოების საქმიანობის სახელმწიფო ზედამხედველობის შესახებ' საქართველოს კანონში ცვლილების შეტანის თაობაზ 1231 -Iს,	http://parliament.ge/files/Voting_Records/10.10.13/1231.docx 
2013-09-20	1229-Iს	ადგილობრივი თვითმმართველი ერთეულის ქონების შესახებ' საქართველოს კანონში ცვლილების შეტანის თაობაზე 1229 -Iს,	http://parliament.ge/files/Voting_Records/10.10.13/1229.docx 
2013-09-20	1158-Iს	'კონტრდაზვერვითი საქმიანობის შესახებ' საქართველოს კანონში ცვლილების შეტანის თაობაზე 1158 -Iს,	http://parliament.ge/files/Voting_Records/10.10.13/1158.docx 
2013-09-20	1157-Iს	'ნორმატიული აქტების შესახებ' საქართველოს კანონში ცვლილების შეტანის თაობაზე 1157 -Iს,	http://parliament.ge/files/Voting_Records/10.10.13/1157.docx 
2013-09-20	1156-Iს	საქართველოს სამოქალაქო საპროცესო კოდექსში ცვლილების შეტანის შესახებ 1156 -Iს,	http://parliament.ge/files/Voting_Records/10.10.13/1156.docx 
2013-09-20	1155-Iს	'საქართველოს სასაზღვრო პოლიციის შესახებ' საქართველოს კანონში ცვლილების შეტანის თაობაზე 1155 -Iს,	http://parliament.ge/files/Voting_Records/10.10.13/1155.docx 
2013-09-20	1154-Iს	საქართველოს სახელმწიფო საზღვრის შესახებ' საქართველოს კანონში ცვლილების შეტანის თაობაზე 1154 -Iს,	http://parliament.ge/files/Voting_Records/10.10.13/1154.docx 
2013-09-20	1151-Iს	საქართველოს ორგანულ კანონში „ საქართველოს შრომის კოდექსი “ ცვლილების შეტანის შესახებ 1151 -Iს,	http://parliament.ge/files/Voting_Records/10.10.13/1151.docx 
2013-09-20	1277-Iს	შემოსავლების სამსახურის შესახებ' საქართველოს კანონში ცვლილების შეტანის თაობაზე 1277 -Iს,	http://parliament.ge/files/Voting_Records/3.10.13/1277.docx 
2013-09-20	1275-Iს	'უკანონო შემოსავლის ლეგალიზაციის აღკვეთის ხელშეწყობის შესახებ' საქართველოს კანონში ცვლილების შეტანის თაობაზე 1275 -Iს,	http://parliament.ge/files/Voting_Records/3.10.13/1275.docx 
2013-09-20	1274-Iს	'საქართველოს ეროვნული ბანკის შესახებ' საქართველოს ორგანულ კანონში ცვლილების შეტანის თაობაზე 1274 -Iს,	http://parliament.ge/files/Voting_Records/3.10.13/1274.docx 
2013-09-20	1273-Iს	საქართველოს ორგანულ კანონში ' საქართველოს საარჩევნო კოდექსი' ცვლილების შეტანის შესახებ 1273 -Iს,	http://parliament.ge/files/Voting_Records/3.10.13/1273.docx 
2013-09-20	1272-Iს	საქართველოს ადმინისტრაციულ სამართალდარღვევათა კოდექსში ცვლილების შეტანის შესახებ 1272 -Iს,	http://parliament.ge/files/Voting_Records/3.10.13/1272.docx 
2013-09-20	1271-Iს	საქართველოს სისხლის სამართლის კოდექსში ცვლილების შეტანის შესახებ 1271 -Iს,	http://parliament.ge/files/Voting_Records/3.10.13/1271.docx 
2013-09-20	1265-Iს	'საქართველოს მოქალაქეთა და საქართველოში მცხოვრებ უცხოელთა რეგისტრაციის , პირადობის ( ბინადრობის ) მოწმობისა და საქართველოს მოქალაქის პასპორტის გაცემის წესის შესახებ' საქართველოს კანონში ცვლილების შეტანის თაობაზე 1265 -Iს,	http://parliament.ge/files/Voting_Records/3.10.13/1265.docx 
2013-09-20	1264-Iს	საზოგადოებრივი საჭიროებისათვის გადაუდებელი აუცილებლობისას საკუთრების ჩამორთმევის წესის შესახებ' საქართველოს ორგანულ კანონში ცვლილების შეტანის თაობაზე 1264 -Iს,	http://parliament.ge/files/Voting_Records/3.10.13/1264.docx 
2013-09-20	1260-Iს	'სახელმწიფო სპეციალური წოდებების შესახებ' საქართველოს კანონში ცვლილების შეტანის თაობაზე 1260 -Iს,	http://parliament.ge/files/Voting_Records/3.10.13/1260.docx 
2013-09-20	1257-Iს	საქართველოს საპატენტო კანონში ცვლილების შეტანის შესახებ 1257 -Iს,	http://parliament.ge/files/Voting_Records/3.10.13/1257.docx 
2013-09-20	1256-Iს	'სააქციო საზოგადოების − საპარტნიორო ფონდის შესახებ' საქართველოს კანონში ცვლილების შეტანის თაობაზე 1256 -Iს,	http://parliament.ge/files/Voting_Records/3.10.13/1256.docx 
2013-09-20	1255-Iს	სახელმწიფო შესყიდვების შესახებ' საქართველოს კანონში ცვლილების შეტანის თაობაზე 1255 -Iს,	http://parliament.ge/files/Voting_Records/3.10.13/1255.docx 
2013-09-20	1254-Iს	მაუწყებლობის შესახებ' საქართველოს კანონში ცვლილების შეტანის თაობაზე 1254 -Iს,	http://parliament.ge/files/Voting_Records/3.10.13/1254.docx 
2013-09-20	1250-Iს	'ინფორმაციული უსაფრთხოების შესახებ' საქართველოს კანონში ცვლილების შეტანის თაობაზე 1250 -Iს,	http://parliament.ge/files/Voting_Records/3.10.13/1250.docx 
2013-09-20	1240-Iს	ნარკოტიკული საშუალებების , ფსიქოტროპული ნივთიერებების , პრეკურსორებისა და ნარკოლოგიური დახმარების შესახებ' საქართველოს კანონში ცვლილების შეტანის თაობაზე 1240 -Iს,	http://parliament.ge/files/Voting_Records/3.10.13/1240.docx 
2013-09-20	1237-Iს	'სახელმწიფო დაცვის სპეციალური სამსახურის შესახებ' საქართველოს კანონში ცვლილების შეტანის თაობაზე 1237 -Iს,	http://parliament.ge/files/Voting_Records/3.10.13/1237.docx 
2013-09-20	1230-Iს	'საქართველოს დედაქალაქის − თბილისის შესახებ' საქართველოს კანონში ცვლილების შეტანის თაობაზე 1230 -Iს,	http://parliament.ge/files/Voting_Records/3.10.13/1230.docx 
2013-09-20	1153-Iს	'უცხოელთა და მოქალაქეობის არმქონე პირთა სამართლებრივი მდგომარეობის შესახებ' საქართველოს კანონში ცვლილების შეტანის თაობაზე 1153 -Iს,	http://parliament.ge/files/Voting_Records/3.10.13/1153.docx 
2013-09-20	1152-Iს	'საქართველოს მოქალაქეების საქართველოდან გასვლისა და საქართველოში შემოსვლის წესების შესახებ' საქართველოს კანონში ცვლილების შეტანის თაობაზე 1152 -Iს,	http://parliament.ge/files/Voting_Records/3.10.13/1152.docx 
2013-09-18	1133-Iს	'საქართველოს სახელმწიფო ჰიმნის შესახებ' საქართველოს ორგანულ კანონში ცვლილების შეტანის თაობაზე 1133 -Iს,	http://parliament.ge/files/Voting_Records/3.10.13/1133.docx 
2013-09-18	1082-Iს	'საქართველოს სახალხო დამცველის შესახებ' საქართველოს ორგანულ კანონში ცვლილების შეტანის თაობაზე 1082 -Iს,	http://parliament.ge/files/Voting_Records/3.10.13/1082.docx 
2013-09-06	1077-Iს	'საქართველოს დედაქალაქის − თბილისის შესახებ' საქართველოს კანონში ცვლილების შეტანის თაობაზე 1077 -Iს,	http://parliament.ge/files/Voting_Records/3.10.13/1077.docx 
2013-09-06	1076-Iს	'ლიცენზიებისა და ნებართვების შესახებ'საქართველოს კანონში ცვლილების შეტანის თაობაზე 1076 -Iს,	http://parliament.ge/files/Voting_Records/3.10.13/1076.docx 
2013-09-06	1075-Iს	'კულტურული მემკვიდრეობის შესახებ' საქართველოს კანონში ცვლილების შეტანის თაობაზე 1075 -Iს,	http://parliament.ge/files/Voting_Records/3.10.13/1075.docx 
2013-09-06	1069-Iს	'საქართველოს სახელმწიფო გერბის შესახებ' საქართველოს ორგანულ კანონში ცვლილების შეტანის თაობაზე 1069 -Iს,	http://parliament.ge/files/Voting_Records/3.10.13/1069.docx 
2013-09-06	1068-Iს	'საქართველოს სახელმწიფო დროშის შესახებ' საქართველოს ორგანულ კანონში ცვლილების შეტანის თაობაზე 1068 -Iს,	http://parliament.ge/files/Voting_Records/3.10.13/1068.docx 
2013-09-06	1054-Iს	'აუცილებელი საზოგადოებრივი საჭიროებისათვის საკუთრების ჩამორთმევის წესის შესახებ' საქართველოს კანონში 1054 -Iს,	http://parliament.ge/files/Voting_Records/3.10.13/1054.docx 
2013-09-06	1053-Iს	'საქართველოს საერთაშორისო ხელშეკრულებების შესახებ' საქართველოს კანონში ცვლილების შეტანის თაობაზე 1053 -Iს,	http://parliament.ge/files/Voting_Records/3.10.13/1053.docx 
2013-09-06	1052-Iს	'საკონსულო საქმიანობის შესახებ' საქართველოს კანონში ცვლილების შეტანის თაობაზე 1052 -Iს,	http://parliament.ge/files/Voting_Records/3.10.13/1052.docx 
2013-09-06	1051-Iს	'დიპლომატიური სამსახურის შესახებ' საქართველოს კანონში ცვლილების შეტანის თაობაზე 1051 -Iს,	http://parliament.ge/files/Voting_Records/3.10.13/1051.docx 
2013-09-06	1050-Iს	'საქართველოს ყოფილი უმაღლესი პოლიტიკური თანამდებობის პირების ოჯახის წევრთა სოციალური დაცვის გარანტიების შესახებ' საქართველოს კანონში ცვლილების შეტანის თაობაზე 1050 -Iს,	http://parliament.ge/files/Voting_Records/3.10.13/1050.docx 
2013-09-06	1049-Iს	'საქართველოს ფინანსთა სამინისტროს საგამოძიებო სამსახურის შესახებ' საქართველოს კანონში ცვლილების შეტანის თაობაზე 1049 -Iს,	http://parliament.ge/files/Voting_Records/3.10.13/1049.docx 
2013-09-06	1047-Iს	'გრანტების შესახებ' საქართველოს კანონში ცვლილების შეტანის თაობაზე 1047 -Iს,	http://parliament.ge/files/Voting_Records/3.10.13/1047.docx 
2013-09-06	1046-Iს	საქართველოს საგადასახადო კოდექსში ცვლილების შეტანის შესახებ 1046 -Iს,	http://parliament.ge/files/Voting_Records/3.10.13/1046.docx 
2013-09-06	1045-Iს	'სახელმწიფო აუდიტის სამსახურის შესახებ' საქართველოს კანონში ცვლილების შეტანის თაობაზე 1045 -Iს,	http://parliament.ge/files/Voting_Records/3.10.13/1045.docx 
2013-09-06	1044-Iს	'საომარი მდგომარეობის შესახებ' საქართველოს კანონში ცვლილების შეტანის თაობაზე 1044 -Iს,	http://parliament.ge/files/Voting_Records/3.10.13/1044.docx 
2013-09-06	1043-Iს	'მეცნიერების , ტექნოლოგიების და მათი განვითარების შესახებ' საქართველოს კანონში ცვლილების შეტანის თაობაზე 1043 -Iს,	http://parliament.ge/files/Voting_Records/3.10.13/1043.docx 
2013-09-06	1042-Iს	'ინვესტიციების სახელმწიფო მხარდაჭერის შესახებ' საქართველოს კანონში ცვლილების შეტანის თაობაზე 1042 -Iს,	http://parliament.ge/files/Voting_Records/3.10.13/1042.docx 
2013-09-06	1041-Iს	პროდუქტის უსაფრთხოებისა და თავისუფალი მიმოქცევის კოდექსში ცვლილების შეტანის შესახებ 1041 -Iს,	http://parliament.ge/files/Voting_Records/3.10.13/1041.docx 
2013-09-06	1040-Iს	'თავისუფალი ვაჭრობისა და კონკურენციის შესახებ' საქართველოს კანონში ცვლილების შეტანის თაობაზე 1040 -Iს,	http://parliament.ge/files/Voting_Records/3.10.13/1040.docx 
2013-09-06	1039-Iს	'ნავთობისა და გაზის შესახებ' საქართველოს კანონში ცვლილების შეტანის თაობაზე 1039 -Iს,	http://parliament.ge/files/Voting_Records/3.10.13/1039.docx 
2013-09-06	1038-Iს	საქართველოს საჰაერო კოდექსში ცვლილების შეტანის შესახებ 1038 -Iს,	http://parliament.ge/files/Voting_Records/3.10.13/1038.docx 
2013-09-06	1037-Iს	'სახელმწიფო ქონების შესახებ' საქართველოს კანონში ცვლილების შეტანის თაობაზე 1037 -Iს,	http://parliament.ge/files/Voting_Records/3.10.13/1037.docx 
2013-09-06	1036-Iს	'ელექტრონული კომუნიკაციების შესახებ' საქართველოს კანონში ცვლილების შეტანის თაობაზე 1036 -Iს,	http://parliament.ge/files/Voting_Records/3.10.13/1036.docx 
2013-09-06	1035-Iს	'საავტომობილო გზების შესახებ' საქართველოს კანონში ცვლილების შეტანის თაობაზე 1035 -Iს,	http://parliament.ge/files/Voting_Records/3.10.13/1035.docx 
2013-09-06	1034-Iს	'წყლის შესახებ' საქართველოს კანონში ცვლილების შეტანის თაობაზე 1034 -Iს,	http://parliament.ge/files/Voting_Records/3.10.13/1034.docx 
2013-09-06	1033-Iს	'საქართველოს 'წითელი ნუსხისა' და 'წითელი წიგნის' შესახებ' საქართველოს კანონში ცვლილების შეტანის თაობაზე 1033 -Iს,	http://parliament.ge/files/Voting_Records/3.10.13/1033.docx 
2013-09-06	1032-Iს	'წიაღის შესახებ' საქართველოს კანონში ცვლილების შეტანის თაობაზე 1032 -Iს,	http://parliament.ge/files/Voting_Records/3.10.13/1032.docx 
2013-09-06	1031-Iს	საქართველოს ტყის კოდექსში ცვლილების შეტანის შესახებ 1031 -Iს,	http://parliament.ge/files/Voting_Records/3.10.13/1031.docx 
2013-09-06	1030-Iს	'ქალაქ თბილისის საზღვრებში და მიმდებარე ტერიტორიაზე არსებული მწვანე ნარგავებისა და სახელმწიფო ტყის ფონდის განსაკუთრებული დაცვის შესახებ' საქართველოს კანონში ცვლილების შეტანის თაობაზე 1030 -Iს,	http://parliament.ge/files/Voting_Records/3.10.13/1030.docx 
2013-09-06	1029-Iს	'საქართველოს ტერიტორიაზე ნარჩენების ტრანზიტისა და იმპორტის შესახებ' საქართველოს კანონში ცვლილების შეტანის თაობაზე 1029 -Iს,	http://parliament.ge/files/Voting_Records/3.10.13/1029.docx 
2013-09-06	1028-Iს	'გარემოს დაცვის შესახებ' საქართველოს კანონში ცვლილების შეტანის თაობაზე 1028 -Iს,	http://parliament.ge/files/Voting_Records/3.10.13/1028.docx 
2013-09-06	1027-Iს	'დაცული ტერიტორიების სისტემის შესახებ' საქართველოს კანონში ცვლილების შეტანის თაობაზე 1027 -Iს,	http://parliament.ge/files/Voting_Records/3.10.13/1027.docx 
2013-09-06	1026-Iს	'ცხოველთა სამყაროს შესახებ' საქართველოს კანონში ცვლილების შეტანის თაობაზე 1026 -Iს,	http://parliament.ge/files/Voting_Records/3.10.13/1026.docx 
2013-09-06	1025-Iს	'ატმოსფერული ჰაერის დაცვის შესახებ' საქართველოს კანონში ცვლილების შეტანის თაობაზე 1025 -Iს,	http://parliament.ge/files/Voting_Records/2.10.13/1025.docx 
2013-09-06	1024-Iს	'საზოგადოებრივი უსაფრთხოების სამსახურის შესახებ' საქართველოს კანონში ცვლილების შეტანის თაობაზე 1024 -Iს,	http://parliament.ge/files/Voting_Records/2.10.13/1024.docx 
2013-09-06	1023-Iს	'სამოქალაქო აქტების შესახებ' საქართველოს კანონში ცვლილების შეტანის თაობაზე 1023 -Iს,	http://parliament.ge/files/Voting_Records/2.10.13/1023.docx 
2013-09-06	1022-Iს	'საგანგებო მდგომარეობის შესახებ' საქართველოს კანონში ცვლილების შეტანის თაობაზე 1022 -Iს,	http://parliament.ge/files/Voting_Records/2.10.13/1022.docx 
2013-09-06	1021-Iს	'საკონსტიტუციო სამართალწარმოების შესახებ' საქართველოს კანონში ცვლილების შეტანის თაობაზე 1021 -Iს,	http://parliament.ge/files/Voting_Records/2.10.13/1021.docx 
2013-09-06	1020-Iს	'საქართველოს მოქალაქეობის შესახებ' საქართველოს ორგანულ კანონში ცვლილების შეტანის თაობაზე 1020 -Iს,	http://parliament.ge/files/Voting_Records/2.10.13/1020.docx 
2013-09-06	1019-Iს	საქართველოს ორგანულ კანონში „ საქართველოს საარჩევნო კოდექსი “ ცვლილების შეტანის შესახებ 1019 -Iს,	http://parliament.ge/files/Voting_Records/2.10.13/1019.docx 
2013-09-06	1018-Iს	'რეფერენდუმის შესახებ' საქართველოს ორგანულ კანონში ცვლილების შეტანის თაობაზე 1018 -Iს,	http://parliament.ge/files/Voting_Records/2.10.13/1018.docx 
2013-09-06	1017-Iს	'საქართველოს საკონსტიტუციო სასამართლოს შესახებ' საქართველოს ორგანულ კანონში ცვლილების შეტანის თაობაზე 1017 -Iს,	http://parliament.ge/files/Voting_Records/3.10.13/1017.docx 
2013-09-06	1016-Iს	'საჯარო სამართლის იურიდიული პირის შესახებ' საქართველოს კანონში ცვლილების შეტანის თაობაზე 1016 -Iს,	http://parliament.ge/files/Voting_Records/3.10.13/1016.docx 
2013-09-06	1015-Iს	საქართველოს კანონში ' თავისუფლების ქარტია' ცვლილების შეტანის შესახებ 1015 -Iს,	http://parliament.ge/files/Voting_Records/2.10.13/1015.docx 
2013-09-06	1014-Iს	'სახელმწიფო სერვისების განვითარების სააგენტოს შესახებ' საქართველოს კანონში ცვლილების შეტანის თაობაზე 1014 -Iს,	http://parliament.ge/files/Voting_Records/2.10.13/1014.docx 
2013-09-06	1079-Iს	'სასოფლო-სამეურნეო დანიშნულების მიწის არასასოფლო-სამეურნეო მიზნით გამოყოფისას სანაცვლო მიწის ათვისების ღირებულებისა და მიყენებული ზიანის ანაზღაურების შესახებ' საქართველოს კანონში ცვლილების შეტანის თაობაზე 1079 -Iს,	http://parliament.ge/administrator/files/Voting_Records/25.09.13/1079.docx 
2013-09-06	1081-Iს	'უმაღლესი განათლების შესახებ' საქართველოს კანონში ცვლილების შეტანის თაობაზე 1081 -Iს,	http://parliament.ge/administrator/files/Voting_Records/25.09.13/1081.docx 
2013-08-07	923რს	„მოქალაქეთა პოლიტიკური გაერთიანებების შესახებ“ საქართველოს ორგანულ კანონში ცვლილების შეტანის თაობაზე 923 რს,	http://parliament.ge/files/Voting_Records/21.08.13/923-rs.docx 
2013-08-06	919რს	'სამხედრო ვალდებულებისა და სამხედრო სამსახურის შესახებ' საქართველოს კანონში ცვლილების შეტანის თაობაზე 919 რს,	http://parliament.ge/files/Voting_Records/21.08.13/919-rs.docx 
2013-08-06	918რს	'ზოგადი განათლების შესახებ' საქართველოს კანონში ცვლილების შეტანის თაობაზე 918 რს,	http://parliament.ge/files/Voting_Records/21.08.13/918-rs.docx 
2013-08-06	917რს	'უმაღლესი განათლების შესახებ' საქართველოს კანონში ცვლილების შეტანის თაობაზე 917 რს,	http://parliament.ge/files/Voting_Records/21.08.13/917-rs.docx 
2013-07-30	906რს	საქართველოს საგადასახადო კოდექსში ცვლილების შეტანის შესახებ 906 რს,	http://parliament.ge/files/Voting_Records/21.08.13/906-rs.docx 
2013-07-30	907რს	'წამლისა და ფარმაცევტული საქმიანობის შესახებ' საქართველოს კანონში ცვლილების შეტანის თაობაზე 907 რს,	http://parliament.ge/files/Voting_Records/2.09.13/907.docx 
2013-07-30	905რს	'საქართველოს ტერიტორიაზე ნარჩენების ტრანზიტისა და იმპორტის შესახებ' საქართველოს კანონში ცვლილების შეტანის თაობაზე 905 რს,	http://parliament.ge/files/Voting_Records/21.08.13/905-rs.docx 
2013-07-29	901რს	საქართველოს ორგანულ კანონში ' საქართველოს საარჩევნო კოდექსი' ცვლილებების შეტანის შესახებ 901 რს,	http://parliament.ge/files/Voting_Records/21.08.13/901-rs.docx 
2013-07-29	900რს	'მოქალაქეთა პოლიტიკური გაერთიანებების შესახებ' საქართველოს ორგანულ კანონში ცვლილების შეტანის თაობაზე 900 რს,	http://parliament.ge/files/Voting_Records/21.08.13/900-rs.docx 
2013-07-29	894რს	ამნისტიის შესახებ 894 რს,	http://parliament.ge/files/Voting_Records/21.08.13/894-rs.docx 
2013-07-29	893რს	საქართველოს სისხლის სამართლის საპროცესო კოდექსში ცვლილებების შეტანის შესახებ 893 რს,	http://parliament.ge/files/Voting_Records/21.08.13/893-rs.docx 
2013-07-29	899რს	“საჯარო სამსახურის შესახებ“ საქართველოს კანონში ცვლილების შეტანის თაობაზე” საქართველოს კანონში ცვლილების შეტანის შესახებ 899 რს,	http://parliament.ge/files/Voting_Records/18.07.13/899.docx 
2013-07-29	903რს	“ნორმატიული აქტების შესახებ” საქართველოს კანონში ცვლილების შეტანის თაობაზე 903 რს,	http://parliament.ge/files/Voting_Records/18.07.13/903.docx 
2013-07-27	877რს	საქართველოს ორგანულ კანონში ' საქართველოს საარჩევნო კოდექსი' ცვლილებების შეტანის თაობაზე 877 რს,	http://parliament.ge/files/Voting_Records/2.09.13/877.docx 
2013-07-27	878რს	საქართველოს ორგანულ კანონში ' საქართველოს საარჩევნო კოდექსი' ცვლილებების შეტანის შესახებ 878 რს,	http://parliament.ge/files/Voting_Records/2.09.13/878.docx 
2013-07-27	878-რს	საქართველოს ორგანულ კანონში „საქართველოს საარჩევნო კოდექსი“ ცვლილების შეტანის შესახებ 878- რს,	http://parliament.ge/files/Voting_Records/18.07.13/878.docx 
2013-07-25	867რს	'საქართველოს ტერიტორიული მთლიანობისათვის, თავისუფლებისა და დამოუკიდებლობისათვის დაღუპულ, უგზოუკვლოდ დაკარგულ, მიღებული ჭრილობების შედეგად გარდაცვლილთა ოჯახების სოციალური დაცვის შესახებ' საქართველოს კანონში ცვლილების შეტანის თაობაზე 867 რს,	http://parliament.ge/files/Voting_Records/20.08.13/867-rs.docx 
2013-07-25	866რს	'სახელმწიფო კომპენსაციისა და სახელმწიფო აკადემიური სტიპენდიის შესახებ' საქართველოს კანონში ცვლილების შეტანის თაობაზე 866 რს,	http://parliament.ge/files/Voting_Records/20.08.13/866-rs.docx 
2013-07-25	865რს	'სამხედრო მოსამსახურის სტატუსის შესახებ' საქართველოს კანონში ცვლილების შეტანის თაობაზე 865 რს,	http://parliament.ge/files/Voting_Records/20.08.13/865-rs.docx 
2013-07-25	864რს	საქართველოს ორგანულ კანონში ' საქართველოს საარჩევნო კოდექსი' ცვლილებების შეტანის შესახებ 864 რს,	http://parliament.ge/files/Voting_Records/20.08.13/864-rs.docx 
2013-07-24	843რს	საინვესტიციო ფონდების შესახებ 843 რს,	http://parliament.ge/files/Voting_Records/20.08.13/843-rs.docx 
2013-07-24	844რს	'ფასიანი ქაღალდების ბაზრის შესახებ' საქართველოს კანონში ცვლილების შეტანის თაობაზე 844 რს,	http://parliament.ge/files/Voting_Records/20.08.13/844-rs.docx 
2013-07-24	845რს	'ნარკოტიკული საშუალებების, ფსიქოტროპული ნივთიერებების, პრეკურსორებისა და ნარკოლოგიური დახმარების შესახებ' საქართველოს კანონში ცვლილების შეტანის თაობაზე 845 რს,	http://parliament.ge/files/Voting_Records/18.07.13/845.docx 
2013-07-24	847რს	“ბუღალტრული აღრიცხვისა და ფინანსური ანგარიშგების აუდიტის შესახებ” საქართველოს კანონში ცვლილების შეტანის თაობაზე 847 რს,	http://parliament.ge/files/Voting_Records/18.07.13/847.docx 
2013-07-12	822-რს	საქართველოს საჰაერო კოდექსში საქართველოს საჰაერო კოდექსში ცვლილების შეტანის შესახებ 822- რს,	http://parliament.ge/files/Voting_Records/18.07.13/822.docx 
2013-07-12	823-რს	'ტრანსპორტის სფეროს მართვისა და რეგულირების შესახებ' საქართველოს კანონში ცვლილების შეტანის თაობაზე 823- რს,	http://parliament.ge/files/Voting_Records/18.07.13/824.docx 
2013-07-12	824-რს	'ადგილობრივი თვითმმართველობის შესახებ' საქართველოს ორგანულ კანონში ცვლილების შეტანის თაობაზე 824- რს,	http://parliament.ge/files/Voting_Records/18.07.13/824.docx 
2013-07-12	825-რს	'საქართველოს დედაქალაქის – თბილისის შესახებ' საქართველოს კანონში ცვლილების შეტანის თაობაზე 825- რს,	http://parliament.ge/files/Voting_Records/18.07.13/825.docx 
2013-07-12	816-რს	სასოფლო სამეურნეო კოოპერატივის შესახებ 816- რს,	http://parliament.ge/files/Voting_Records/18.07.13/816.docx 
2013-07-12	817-რს	საქართველოს საგადასახადო კოდექსში ცვლილების შეტანის შესახებ 817- რს,	http://parliament.ge/files/Voting_Records/18.07.13/817.docx 
2013-07-12	818-რს	'მეწარმეთა შესახებ' საქართველოს კანონში ცვლილების შეტანის თაობაზე 818-რს,	http://parliament.ge/files/Voting_Records/18.07.13/818.docx 
2013-07-12	819-რს	'გრანტების შესახებ' საქართველოს კანონში ცვლილების შეტანის თაობაზე 819-რს,	http://parliament.ge/files/Voting_Records/18.07.13/819.docx 
2013-07-12	826-რს	'საჯარო სამართლის იურიდიული პირის შესახებ' საქართველოს კანონში ცვლილების შეტანის თაობაზე 826-რს,	http://parliament.ge/files/Voting_Records/18.07.13/826.docx 
2013-07-12	833-რს	'მაუწყებლობის შესახებ' საქართველოს კანონში ცვლილების შეტანის თაობაზე 833 -რს,	http://parliament.ge/files/Voting_Records/29.07.13/833-rs.docx 
2013-07-12	834-რს	საქართველოს ორგანულ კანონში 'საქართველოს საარჩევნო კოდექსი' ცვლილების შეტანის შესახებ 834 -რს,	http://parliament.ge/files/Voting_Records/29.07.13/834-rs.docx 
2013-07-12	835-რს	'საქართველოს სახალხო დამცველის შესახებ' საქართველოს ორგანულ კანონში ცვლილების შეტანის თაობაზე 835 -რს,	http://parliament.ge/files/Voting_Records/29.07.13/835-rs.doc 
2013-07-12	837-რს	'ელექტროენერგეტიკისა და ბუნებრივი გაზის შესახებ' საქართველოს კანონში ცვლილების შეტანის თაობაზე 837 -რს,	http://parliament.ge/files/Voting_Records/29.07.13/837-rs.docx 
2013-07-10	803-რს	'საქართველოს თავდაცვის შესახებ' საქართველოს კანონში ცვლილების შეტანის თაობაზე 803 -რს,	http://parliament.ge/files/Voting_Records/31.07.13/803.docx 
2013-07-10	802-რს	'ბუნებრივი რესურსებით სარგებლობისათვის მოსაკრებლების შესახებ' საქართველოს კანონში ცვლილების შეტანის თაობაზე 802 -რს,	http://parliament.ge/files/Voting_Records/31.07.13/802.docx 
2013-06-28	795-IIს	'სასოფლო სამეურნეო დანიშნულების მიწის საკუთრების შესახებ' საქართველოს კანონში ცვლილების შეტანის თაობაზე 795 -IIს,	http://parliament.ge/files/Voting_Records/18.07.13/795.docx 
2013-06-28	780-IIს	'პროფესიული განათლების შესახებ' საქართველოს კანონში ცვლილების შეტანის თაობაზე 780 -IIს,	http://parliament.ge/files/Voting_Records/16.07.13/780.docx 
2013-06-28	796-IIს	'პროფესიული თეატრების შესახებ' საქართველოს კანონში ცვლილების შეტანის თაობაზე 796 -IIს,	http://parliament.ge/files/Voting_Records/796.docx 
2013-06-28	798-IIს	პროდუქტის უსაფრთხოებისა და თავისუფალი მიმოქცევის კოდექსში ცვლილების შეტანის შესახებ 798 -IIს,	http://parliament.ge/files/Voting_Records/15.07.13/798.docx 
2013-06-28	799-IIს	'ადგილობრივი მოსაკრებლების შესახებ' საქართველოს კანონში ცვლილების შეტანის თაობაზე 799 -IIს,	http://parliament.ge/files/Voting_Records/15.07.13/799.docx 
2013-06-28	800-IIს	საქართველოს საგადასახადო კოდექსში ცვლილების შეტანის შესახებ 800 -IIს,	http://parliament.ge/files/Voting_Records/15.07.13/800.docx 
2013-06-28	784-IIს	საქართველოს საგადასახადო კოდექსში ცვლილების შეტანის შესახებ 784 -IIს,	http://parliament.ge/files/Voting_Records/2.07.13/784.docx 
2013-06-14	741-IIს	საქართველოს სისხლის სამართლის საპროცესო კოდექსში ცვლილების შეტანის შესახებ 741 -IIს,	http://parliament.ge/files/Voting_Records/27.06.13/741.docx 
2013-06-12	729-IIს	საქართველოს ორგანულ კანონში 'საქართველოს შრომის კოდექსი' ცვლილების შეტანის შესახებ 729 -IIს,	http://parliament.ge/files/Voting_Records/3.07.13/729.docx 
2013-06-12	721-IIს	'საქართველოს თავდაცვის შესახებ' საქართველოს კანონში ცვლილების შეტანის თაობაზე 721 -IIს,	http://parliament.ge/files/Voting_Records/3.07.13/721.docx 
2013-06-12	722-IIს	ნდობის ჯგუფის შესახებ' საქართველოს კანონში ცვლილების შეტანის თაობაზე 722 -IIს,	http://parliament.ge/files/Voting_Records/3.07.13/722.docx 
2013-06-12	723-IIს	საქართველოს ადმინისტრაციულ სამართალდარღვევათა კოდექსში ცვლილების შეტანის შესახებ 723 -IIს,	http://parliament.ge/files/Voting_Records/3.07.13/723.docx 
2013-06-12	724-IIს	საქართველოს სისხლის სამართლის კოდექსში ცვლილების შეტანის შესახებ 724 -IIს,	http://parliament.ge/files/Voting_Records/3.07.13/724.docx 
2013-06-12	725-IIს	ცხოველთა სამყაროს შესახებ' საქართველოს კანონში ცვლილების შეტანის თაობაზე 725 -IIს,	http://parliament.ge/files/Voting_Records/3.07.13/725.docx 
2013-05-31	681IIს	სახელმწიფო საიდუმლოების შესახებ' საქართველოს კანონში ცვლილების შეტანის თაობაზე 681 IIს,	http://parliament.ge/files/Voting_Records/6.06.13/681.docx 
2013-05-31	680IIს	გარემოს დაცვის შესახებ“ საქართველოს კანონში ცვლილების შეტანის თაობაზე 680 IIს,	http://parliament.ge/files/Voting_Records/6.06.13/680.docx 
2013-05-31	679IIს	'თუშეთის, ბაწარა-ბაბანეურის, ლაგოდეხისა და ვაშლოვანის დაცული ტერიტორიების შექმნისა და მართვის შესახებ' საქართველოს კანონში ცვლილების შეტანის თაობაზე 679 IIს,	http://parliament.ge/files/Voting_Records/6.06.13/679.docx 
2013-05-31	678IIს	'ნავთობისა და გაზის შესახებ' საქართველოს კანონში ცვლილების შეტანის თაობაზე 678 IIს,	http://parliament.ge/files/Voting_Records/6.06.13/678.docx 
2013-05-31	651-IIს	საქართველოს სამოქალაქო კოდექსში ცვლილების შეტანის შესახებ 651- IIს,	http://parliament.ge/files/Voting_Records/6.06.13/651.docx 
2013-05-31	649-IIს	'საქართველოს საკონსტიტუციო სასამართლოს შესახებ' საქართველოს ორგანულ კანონში ცვლილების შეტანის თაობაზე 649- IIს,	http://parliament.ge/files/Voting_Records/6.06.13/649.docx 
2013-05-31	675-IIს	საქართველოს პარლამენტის რეგლამენტში ცვლილების შეტანის შესახებ 675-IIს,	http://parliament.ge/files/Voting_Records/6.06.13/675.docx 
2013-05-30	659-IIს	„პროკურატურის შესახებ“ საქართველოს კანონში ცვლილების შეტანის თაობაზე 659-IIს,	http://parliament.ge/Voting/files/Voting_Records/25.06.13/659.docx 
2013-05-30	660-IIს	საქართველოს ადმინისტრაციულ სამართალდარღვევათა კოდექსში ცვლილების შეტანის შესახებ 660- IIს,	http://parliament.ge/files/Voting_Records/25.06.13/660.docx 
2013-05-30	661-IIს	„ნორმატიული აქტების შესახებ“ საქართველოს კანონში ცვლილების შეტანის თაობაზე 661- IIს,	http://parliament.ge/files/Voting_Records/25.06.13/661.docx 
2013-05-30	662-IIს	საქართველოს სისხლის სამართლის საპროცესო კოდექსში ცვლილების შეტანის შესახებ 662- IIს,	http://parliament.ge/files/Voting_Records/25.06.13/662.docx 
2013-05-30	663-IIს	„ ოპერატიულ სამძებრო საქმიანობის შესახებ “ საქართველოს კანონში ცვლილების შეტანის თაობაზე 663- IIს,	http://parliament.ge/files/Voting_Records/25.06.13/663.docx 
2013-05-30	664-IIს	„პოლიციის შესახებ“ საქართველოს კანონში ცვლილების შეტანის თაობაზე 664- IIს,	http://parliament.ge/files/Voting_Records/25.06.13/664.docx 
2013-05-30	665-IIს	„საზოგადოებრივი უსაფრთხოების სამსახურის შესახებ“ საქართველოს კანონში ცვლილების შეტანის თაობაზე 665- IIს,	http://parliament.ge/files/Voting_Records/25.06.13/665.docx 
2013-05-30	666-IIს	„სახელმწიფო დაცვის სპეციალური სამსახურის შესახებ“ საქართველოს კანონში ცვლილების შეტანის თაობაზე 666- IIს,	http://parliament.ge/files/Voting_Records/25.06.13/666.docx 
2013-05-30	667-IIს	„საქართველოს პარლამენტის წევრის სტატუსის შესახებ“ საქართველოს კანონში ცვლილების შეტანის თაობაზე 667- IIს,	http://parliament.ge/files/Voting_Records/25.06.13/667.docx 
2013-05-30	668-IIს	საქართველოს ორგანულ კანონში „საქართველოს საარჩევნო კოდექსი“ ცვლილების შეტანის შესახებ 668- IIს,	http://parliament.ge/files/Voting_Records/25.06.13/668.docx 
2013-05-30	669-IIს	„საქართველოს სახალხო დამცველის შესახებ“ საქართველოს ორგანულ კანონში ცვლილების შეტანის თაობაზე 669- IIს,	http://parliament.ge/files/Voting_Records/25.06.13/669.docx 
2013-05-30	671-IIს	„სისხლის სამართლის სფეროში საერთაშორისო თანამშრომლობის შესახებ“ საქართველოს კანონში ცვლილების შეტანის თაობაზე 671- IIს,	http://parliament.ge/files/Voting_Records/25.06.13/671.docx 
2013-05-30	672-IIს	„სახელმწიფო კომპენსაციისა და სახელმწიფო აკადემიური სტიპენდიის შესახებ“ საქართველოს კანონში ცვლილების შეტანის თაობაზე 672- IIს,	http://parliament.ge/files/Voting_Records/25.06.13/672.docx 
2013-05-30	657-IIს	საქართველოს სისხლის სამართლის საპროცესო კოდექსში ცვლილების შეტანის შესახებ 657-IIს,	http://parliament.ge/files/Voting_Records/24.06.13/657.docx 
2013-05-30	670-IIს	საქართველოს პარლამენტის რეგლამენტში ცვლილების შეტანის შესახებ 670-IIს,	http://parliament.ge/files/Voting_Records/6.06.13/670.docx 
2013-05-28	618IIს	საქართველოს ადმინისტრაციულ სამართალდარღვევათა კოდექსში ცვლილების შეტანის შესახებ 618 IIს,	http://parliament.ge/files/Voting_Records/6.06.13/618.docx 
2013-05-28	617IIს	'რეკლამის შესახებ' საქართველოს კანონში ცვლილების შეტანის თაობაზე 617 IIს,	http://parliament.ge/files/Voting_Records/6.06.13/617.docx 
2013-05-17	602-IIს	'დიპლომატიური სამსახურის შესახებ' საქართველოს კანონში ცვლილების შეტანის თაობაზე 602-IIს,	http://parliament.ge/files/Voting_Records/6.06.13/602.docx 
2013-05-17	611-IIს	'სახელმწიფო შესყიდვების შესახებ' საქართველოს კანონში ცვლილების შეტანის თაობაზე 611-IIს,	http://parliament.ge/files/Voting_Records/6.06.13/611.docx 
2013-05-01	580-IIს.	საერთო სასამართლოების შესახებ' საქართველოს ორგანულ კანონში ცვლილების შეტანის თაობაზე 580-IIს.	http://parliament.ge/files/Voting_Records/21.05.13/580.docx 
2013-05-01	581-IIს.	'საქართველოს საერთო სასამართლოების მოსამართლეთა დისციპლინური პასუხისმგებლობისა და დისციპლინური სამართალწარმოების შესახებ' საქართველოს კანონში ცვლილების შეტანის თაობაზე 581-IIს.	http://parliament.ge/files/Voting_Records/21.05.13/581.docx 
2013-05-01	582-IIს.	იუსტიციის უმაღლესი სკოლის შესახებ' საქართველოს კანონში ცვლილების შეტანის თაობაზე 582-IIს.	http://parliament.ge/files/Voting_Records/21.05.13/582.docx 
2013-05-01	583-IIს.	საქართველოს სისხლის სამართლის საპროცესო კოდექსში ცვლილების შეტანის შესახებ 583-IIს.	http://parliament.ge/files/Voting_Records/21.05.13/583.docx 
2013-04-19	559-IIს	პატიმრობის კოდექსში ცვლილების შეტანის შესახებ 559-II ს,	http://parliament.ge/files/Voting_Records/16.05.13/559.docx 
2013-04-19	560-IIს	საქართველოს სისხლის სამართლის საპროცესო კოდექსში ცვლილების შეტანის შესახებ 560-II ს,	http://parliament.ge/files/Voting_Records/16.05.13/560.docx 
2013-04-19	567-IIს	'საქართველოს ტყის კოდექსში ცვლილების შეტანის შესახებ' საქართველოს კანონში ცვლილების შეტანის თაობაზე 567-II ს,	http://parliament.ge/files/Voting_Records/8.05.13/567.docx 
2013-04-19	563-IIს	'ნიადაგების კონსერვაციისა და ნაყოფიერების აღდგენა-გაუმჯობესების შესახებ' საქართველოს კანონში ცვლილების შეტანის თაობაზე 563-II ს,	http://parliament.ge/files/Voting_Records/8.05.13/563.docx 
2013-04-17	546-IIს	საქართველოს სისხლის სამართლის კოდექსში ცვლილების შეტანის შესახებ 546-II ს,	http://parliament.ge/files/Voting_Records/8.05.13/546.docx 
2013-04-17	547-IIს	საქართველოს სისხლის სამართლის საპროცესო კოდექსში ცვლილების შეტანის შესახებ 547-II ს,	http://parliament.ge/files/Voting_Records/8.05.13/547.docx 
2013-04-05	518-IIს	'უმაღლესი განათლების შესახებ' საქართველოს კანონში ცვლილების შეტანის თაობაზე 518-IIს,	http://parliament.ge/files/Voting_Records/2013-V/518.docx 
2013-04-05	523-IIს	'სახელმწიფო ქონების შესახებ ' საქართველოს კანონში ცვლილების შეტანის თაობაზე 523-IIს,	http://parliament.ge/files/Voting_Records/2013-V/523.docx 
2013-04-05	524-IIს	'სამხედრო ვალდებულებისა და სამხედრო სამსახურის შესახებ' საქართველოს კანონში ცვლილების შეტანის თაობაზე 524-IIს,	http://parliament.ge/files/Voting_Records/2013-V/524.docx 
2013-04-05	525-IIს	'სამხედრო მოსამსახურის სტატუსის შესახებ' საქართველოს კანონში ცვლილების შეტანის თაობაზე 525-IIს,	http://parliament.ge/files/Voting_Records/2013-V/525.docx 
2013-04-05	530-IIს	პროფესიული თე ტრების შესახებ 530-IIს,	http://parliament.ge/files/Voting_Records/2013-V/530.docx 
2013-04-05	528-IIს	საქართველოს პარლამენტის რეგლამენტში ცვლილების შეტანის შესახებ 528-IIს,	http://parliament.ge/files/Voting_Records/2013-IV/528.docx 
2013-03-25	460-რს	'სამხედრო პოლიციის შესახებ' საქართველოს კანონში ცვლილების შეტანის თაობაზე 460-რს,	http://parliament.ge/files/Voting_Records/2013-IV/460.docx 
2013-03-25	461-რს	ტყის ფონდის მართვის შესახებ' საქართველოს კანონში ცვლილების შეტანის თაობაზე 461-რს,	http://parliament.ge/files/Voting_Records/2013-IV/461.docx 
2013-03-25	462-რს	საქართველოს 'წითელი ნუსხისა' და 'წითელი წიგნის“ შესახებ“ საქართველოს კანონში ცვლილების შეტანის თაობაზე 462-რს,	http://parliament.ge/files/Voting_Records/2013-IV/462.docx 
2013-03-25	463-რს	ბორჯომ-ხარაგაულის დაცული ტერიტორიების შექმნისა და მართვის შესახებ' საქართველოს კანონში ცვლილების შეტანის თაობაზე 463-რს,	http://parliament.ge/files/Voting_Records/2013-IV/463.docx 
2013-03-25	464-რს	ცხოველთა სამყაროს შესახებ' საქართველოს კანონ ში ცვლილების შეტანის თაობაზე 464-რს,	http://parliament.ge/files/Voting_Records/2013-IV/464.docx 
2013-03-25	465-რს	საქართველოს ტყის კოდექსში ცვლილების შეტანის შესახებ 465-რს,	http://parliament.ge/files/Voting_Records/2013-IV/465.docx 
2013-03-25	466-რს	სააღსრულებო წარმოებათა შესახებ' საქართველოს კანონ ში ცვლილების შეტანის თაობაზე 466-რს,	http://parliament.ge/files/Voting_Records/2013-IV/466.docx 
2013-03-25	467-რს	ნავთობისა და გაზის შესახებ' საქართველოს კანონში ცვლილების შეტანის თაობაზე 467-რს,	http://parliament.ge/files/Voting_Records/2013-IV/467.docx 
2013-03-25	468-რს	ეკოლოგიური ექსპერტიზის შესახებ' საქართველოს კანონში ცვლილების შეტანის თაობაზე 468-რს,	http://parliament.ge/files/Voting_Records/2013-IV/468.docx 
2013-03-25	469-რს	გარემოს დაცვის შესახებ' საქართველოს კანონში ცვლილების შეტანის თაობაზე 469-რს,	http://parliament.ge/files/Voting_Records/2013-IV/469.docx 
2013-03-25	470-რს	სახელმწიფო ბაჟის შესახებ' საქართველოს კანონში ცვლილების შეტანის თაობაზე 470-რს,	http://parliament.ge/files/Voting_Records/2013-IV/470.docx 
2013-03-25	471-რს	შეიარაღების, სამხედრო ტექნიკისა და ორმაგი დანიშნულების პროდუქციის საექსპორტო და საიმპორტო კონტროლის შესახებ' საქართველოს კანონში ცვლილების შეტანის თაობაზე 471-რს,	http://parliament.ge/files/Voting_Records/2013-IV/471.docx 
2013-03-25	472-რს	საქართველოს სისხლის სამართლის კოდექსში ცვლილების შეტანის შესახებ 472-რს,	http://parliament.ge/files/Voting_Records/2013-IV/472.docx 
2013-03-25	473-რს	სახელმწიფო საიდუმლოების შესახებ' საქართველოს კანონში ცვლილების შეტანის თაობაზე 473-რს,	http://parliament.ge/files/Voting_Records/2013-IV/473.docx 
2013-03-25	474-რს	კურორტებისა და საკურორტო ადგილების სანიტარიული დაცვის ზონების შესახებ' საქართველოს კანონში ცვლილების შეტანის თაობაზე 474-რს,	http://parliament.ge/files/Voting_Records/2013-IV/474.docx 
2013-03-25	475-რს	ქალაქ თბილისის საზღვრებში და მიმდებარე ტერიტორიაზე არსებული მწვანე ნარგავებისა და სახელმწიფო ტყის ფონდის განსაკუთრებული დაცვის შესახებ' საქართველოს კანონში ცვლილების შეტანის თაობაზე 475-რს,	http://parliament.ge/files/Voting_Records/2013-IV/475.docx 
2013-03-25	476-რს	'დაცული ტერიტორიების სისტემის შესახებ' საქართველოს კანონში ცვლილების შეტანის თაობაზე 476-რს,	http://parliament.ge/files/Voting_Records/2013-IV/476.docx 
2013-03-25	477-რს	'თუშეთის, ბაწარა-ბაბანეურის, ლაგოდეხისა და ვაშლოვანის დაცული ტერიტორიების შექმნისა და მართვის შესახებ' საქართველოს კანონში ცვლილების შეტანის თაობაზე 477-რს,	http://parliament.ge/files/Voting_Records/2013-IV/477.docx 
2013-03-25	478-რს	'გარემოზე ზემოქმედების ნებართვის შესახებ' საქართველოს კანონში ცვლილების შეტანის თაობაზე 478-რს,	http://parliament.ge/files/Voting_Records/2013-IV/478.docx 
2013-03-25	479-რს	'დაცული ტერიტორიების სტატუსის შესახებ' საქართველოს კანონში ცვლილების შეტანის თაობაზე 479-რს,	http://parliament.ge/files/Voting_Records/2013-IV/479.docx 
2013-03-25	480-რს	'კოლხეთის დაცული ტერიტორიების შექმნისა და მართვის შესახებ' საქართველოს კანონში ცვლილების შეტანის თაობაზე 480-რს,	http://parliament.ge/files/Voting_Records/2013-IV/480.docx 
2013-03-25	481-რს	'ბუნებრივი რესურსებით სარგებლობისათვის მოსაკრებლების შესახებ' საქართველოს კანონში ცვლილებ ს შეტანის თაობაზე 481-რს,	http://parliament.ge/files/Voting_Records/2013-IV/481.docx 
2013-03-25	482-რს	პესტიციდებისა და აგროქიმიკატების შესახებ' საქართველოს კანონში ცვლილების შეტანის თაობაზე 482-რს,	http://parliament.ge/files/Voting_Records/2013-IV/482.docx 
2013-03-25	483-რს	საქართველოს საზღვაო სივრცის შესახებ' საქართველოს კანონში ცვლილების შეტანის თაობაზე 483-რს,	http://parliament.ge/files/Voting_Records/2013-IV/483.docx 
2013-03-25	484-რს	საქართველოს სახელმწიფო საზღვრის შესახებ' საქართველოს კანონში ცვლილების შეტანის თაობაზე 484-რს,	http://parliament.ge/files/Voting_Records/2013-IV/484.docx 
2013-03-25	485-რს	სახელმწიფო ქონების შესახებ' საქართველოს კანონში ცვლილების შეტანის თაობაზე 485-რს,	http://parliament.ge/files/Voting_Records/2013-IV/485.docx 
2013-03-25	486-რს	საქართველოს ადმინისტრაციულ საპროცესო კოდექს ში ცვლილების შეტანის შესახებ 486-რს,	http://parliament.ge/files/Voting_Records/2013-IV/486.docx 
2013-03-25	487-რს	იარაღის შესახებ' საქართველოს კანონში ცვლილების შეტანის თაობაზე 487-რს,	http://parliament.ge/files/Voting_Records/2013-IV/487.docx 
2013-03-25	488-რს	ბირთვული და რადიაციული უსაფრთხოების შესახებ' საქართველოს კანონში ცვლილებ ს შეტანის თაობაზე 488-რს,	http://parliament.ge/files/Voting_Records/2013-IV/488.docx 
2013-03-25	489-რს	სამეწარმეო საქმიანობის კონტროლის შესახებ' საქართველოს კანონში ცვლილების შეტანის თაობაზე 489-რს,	http://parliament.ge/files/Voting_Records/2013-IV/489.docx 
2013-03-25	490-რს	'რეგულირების საფასურის შესახებ' საქართველოს კანონში ცვლილების შეტანის თაობაზე 490 -რს,	http://parliament.ge/files/Voting_Records/2013-IV/490.docx 
2013-03-25	491-რს	საქართველოს საგადასახადო კოდექსში ცვლილების შეტანის შესახებ 491 -რს,	http://parliament.ge/files/Voting_Records/2013-IV/491.docx 
2013-03-25	492-რს	საზოგადოებრივი ჯანმრთელობის შესახებ “ საქართველოს კანონში ცვლილების შეტანის თაობაზე 492 -რს,	http://parliament.ge/files/Voting_Records/2013-IV/492.docx 
2013-03-25	493-რს	ნიადაგების კონსერვაციისა და ნაყოფიერების აღდგენა-გაუმჯობესების შესახებ “ საქართველოს კანონში ცვლილების შეტანის თაობაზე 493 -რს,	http://parliament.ge/files/Voting_Records/2013-IV/493.docx 
2013-03-25	494-რს	წყლის შესახებ “ საქართველოს კანონში ცვლილების შეტანის თაობაზე 494 -რს,	http://parliament.ge/files/Voting_Records/2013-IV/494.docx 
2013-03-25	495-რს	წიაღის შესახებ“ საქართველოს კანონში ცვლილების შეტანის თაობაზე 495 -რს,	http://parliament.ge/files/Voting_Records/2013-IV/495.docx 
2013-03-25	448-რს	ბავშვთა და ახალგაზრდული კავშირების სახელმწიფოებრივი მხარდაჭერის შესახებ' საქართველოს კანონში ცვლილებ ის შეტანის თაობაზე 448 -რს,	http://parliament.ge/files/Voting_Records/2013-III/448.docx 
2013-03-25	449-რს	საქართველოს მთავრობის სტრუქტურის , უფლებამოსილებისა და საქმიანობის წესის შესახებ' საქართველოს კანონში ცვლილების შეტანის თაობაზე 449 -რს,	http://parliament.ge/files/Voting_Records/2013-III/449.docx 
2013-03-25	450-რს	' საქართველოს მთავრობის სტრუქტურის, უფლებამოსილებისა და საქმიანობის წესის შესახებ' საქართველოს კანონში ცვლილების შეტანის თაობაზე' საქართველოს კანონში ცვლილების შეტანის შესახებ 450 -რს,	http://parliament.ge/files/Voting_Records/2013-III/450.docx 
2013-03-25	451-რს	ატმოსფერული ჰაერის დაცვის შესახებ' საქართველოს კანონში ცვლილების შეტანის თაობაზე 451 -რს,	http://parliament.ge/files/Voting_Records/2013-III/451.docx 
2013-03-25	452-რს	ელექტროენერგეტიკისა და ბუნებრივი გაზის შესახებ' საქართველოს კანონში ცვლილების შეტანის თაობაზე 452 -რს,	http://parliament.ge/files/Voting_Records/2013-III/452.docx 
2013-03-25	453-რს	საქართველოს ადმინისტრაციულ სამართალდარღვევათა კოდექსში ცვლილების შეტანის შესახებ 453 -რს,	http://parliament.ge/files/Voting_Records/2013-III/453.docx 
2013-03-25	454-რს	იმერეთის მღვიმეების დაცული ტერიტორიების შექმნისა და მართვის შესახებ' საქართველოს კანონში ცვლილების შეტანის თაობაზე 454 -რს,	http://parliament.ge/files/Voting_Records/2013-III/454.docx 
2013-03-25	455-რს	თბილისის ეროვნული პარკის შესახებ' საქართველოს კანონში ცვლილების შეტანის თაობაზე 455 -რს,	http://parliament.ge/files/Voting_Records/2013-III/455.docx 
2013-03-25	456-რს	გარემოს დაცვის შესახებ' საქართველოს კანონში ცვლილების შეტანის თაობაზე“ საქართველოს კანონში ცვლილების შეტანის შესახებ 456 -რს,	http://parliament.ge/files/Voting_Records/2013-III/456.docx 
2013-03-25	457-რს	ეროვნული საარქივო ფონდისა და ეროვნული არქივის შესახებ' საქართველოს კანონში ცვლილების შეტანის თაობაზე 457 -რს,	http://parliament.ge/files/Voting_Records/2013-III/457.docx 
2013-03-25	458-რს	საქართველოს ტერიტორიაზე ნარჩენების ტრანზიტისა და იმპორტის შესახებ' საქართველოს კანონში ცვლილების შეტანის თაობაზე 458 -რს,	http://parliament.ge/files/Voting_Records/2013-III/458.docx 
2013-03-25	459-რს	საქართველოს საზღვაო კოდექსშ ი ცვლილების შეტანის შესახებ 459 -რს,	http://parliament.ge/files/Voting_Records/2013-III/459.docx 
2013-03-25	496-რს	საქართველოს კონსტიტუციაში ცვლილების შეტანის შესახებ - 496-რს,	http://parliament.ge/files/Voting_Records/2013-II/496.docx 
2013-03-22	379-IIს	საქართველოს დედაქალაქის - თბილისის შესახებ' საქართველოს კანონში ცვლილების შეტანის თაობაზე 379-IIს,	http://parliament.ge/files/Voting_Records/2013-III/379.docx 
2013-03-22	380-IIს	ადგილობრივი მოსაკრებლების შესახებ' საქართველოს კანონში ცვლილების შეტანის თაობაზე 380-IIს,	http://parliament.ge/files/Voting_Records/2013-III/380.docx 
2013-03-22	386-IIს	საჯარო სამსახურის შესახებ' საქართველოს კანონში ცვლილების შეტანის თაობაზე 386-IIს,	http://parliament.ge/files/Voting_Records/2013-III/386.docx 
2013-03-22	388-IIს	უმაღლესი განათლების შესახებ' საქართველოს კანონში ცვლილების შეტანის თაობაზე 388-IIს,	http://parliament.ge/files/Voting_Records/2013-III/388.docx 
2013-03-22	384-IIს	საქართველოს პარლამენტის რეგლამენტში ცვლილების შეტანის შესახებ - 384-IIს,	http://parliament.ge/files/Voting_Records/2013-II/384.docx 
2013-03-22	383-IIს	ჯავახეთის დაცული ტერიტორიების შექმნისა და მართვის შესახებ' საქართველოს კანონში ცვლილების შეტანის თაობაზე - 383-IIს,	http://parliament.ge/files/Voting_Records/2013-II/383.docx 
2013-03-22	382-IIს	საქართველოს პარლამენტის რეგლამენტში ცვლილების შეტანის შესახებ - 382-IIს,	http://parliament.ge/files/Voting_Records/2013-II/382.docx 
2013-03-22	381-IIს	საქართველოს პარლამენტის რეგლამენტში ცვლილების შეტანის თაობაზე - 381-IIს,	http://parliament.ge/files/Voting_Records/2013-II/381.docx 
2013-03-22	378-IIს	სახელმწიფო კომპენსაციისა და სახელმწიფო აკადემიური სტიპენდიის შესახებ' საქართველოს კანონში ცვლილების შეტანის თაობაზე - 378-IIს,	http://parliament.ge/files/Voting_Records/2013-II/378.docx 
2013-03-22	387-IIს	ზოგადი განათლების შესახებ' საქართველოს კანონში ცვლილების შეტანის თაობაზე 387-IIს,	http://parliament.ge/files/Voting_Records/2013-IVg/387.docx 
2013-03-20	353-IIს	საქართველოს ეროვნული ბანკის შესახებ' საქართველოს ორგანულ კანონში ცვლილების შეტანის თაობაზე 353-IIს,	http://parliament.ge/files/Voting_Records/2013-III/353.docx 
2013-03-20	354-IIს	დაზღვევის შესახებ' საქართველოს კანონში ცვლილების შეტანის თაობაზე 354-IIს,	http://parliament.ge/files/Voting_Records/2013-III/354.docx 
2013-03-20	355-IIს	საგადახდო სისტემისა და საგადახდო მომსახურების შესახებ' საქართველოს კანონში ცვლილების შეტანის თაობაზე 355-IIს,	http://parliament.ge/files/Voting_Records/2013-III/355.docx 
2013-03-20	356-IIს	'მიკროსაფინანსო ორგანიზაციების შესახებ' საქართველოს კანონში ცვლილების შეტანის თაობაზე 356-IIს,	http://parliament.ge/files/Voting_Records/2013-III/356.docx 
2013-03-20	357-IIს	უკანონო შემოსავლის ლეგალიზაციის აღკვეთის ხელშეწყობის შესახებ' საქართველოს კანონში ცვლილების შეტანის თაობაზე 357-IIს,	http://parliament.ge/files/Voting_Records/2013-III/357.docx 
2013-03-20	352-IIს	სახელმწიფო ქონების შესახებ' საქართველოს კანონში ცვლილების შეტანის თაობაზე - 352-IIს,	http://parliament.ge/files/Voting_Records/2013-II/352.docx 
2013-03-20	351-IIს	უმაღლესი განათლების შესახებ' საქართველოს კანონში ცვლილების შეტანის თაობაზე - 351-IIს,	http://parliament.ge/files/Voting_Records/2013-II/351.docx 
2013-03-20	350-IIს	'პროფესიული განათლების შესახებ' საქართველოს კანონში ცვლილების შეტანის თაობაზე - 350-IIს,	http://parliament.ge/files/Voting_Records/2013-II/350.docx 
2013-03-20	349-IIს	მკაცრი აღრიცხვის ფორმების შესახებ' საქართველოს კანონში ცვლილების შეტანის თაობაზე - 349-IIს,	http://parliament.ge/files/Voting_Records/2013-II/349.docx 
2013-03-20	348-IIს	ზოგადი განათლების შესახებ' საქართველოს კანონში ცვლილების შეტანის თაობაზე - 348-IIს,	http://parliament.ge/files/Voting_Records/2013-II/348.docx 
2013-03-20	347-IIს	' განათლების ხარისხის განვითარების შესახებ' საქართველოს კანონში ცვლილების შეტანის თაობაზე - 347-IIს,	http://parliament.ge/files/Voting_Records/2013-II/347.docx 
2013-03-20	346-IIს	'შემოსავლების სამსახურის შესახებ' საქართველოს კანონში ცვლილების შეტანის თაობაზე 346 -IIს,	http://parliament.ge/files/Voting_Records/2013-IVg/346.docx 
2013-03-20	358-IIს	'საჯარო სამსახურის შესახებ' საქართველოს კანონში ცვლილების შეტანის თაობაზე 358-IIს,	http://parliament.ge/files/Voting_Records/2013-IVg/358.docx 
2013-03-06	246-IIს	საქართველოს სისხლის სამართლის კოდექსში ცვლილების შეტანის შესახებ 246-IIს,	http://parliament.ge/files/Voting_Records/2013-IVg/246.docx 
2013-03-06	260-IIს	'საერთო სასამართლოების შესახებ' საქართველოს ორგანულ კანონში ცვლილების შეტანის თაობაზე 260-IIს,	http://parliament.ge/files/Voting_Records/2013-IVg/260.docx 
2013-03-06	261-IIს	'პროფესიული განათლების შესახებ' საქართველოს კანონში ცვლილების შეტანის თაობაზე 261-IIს,	http://parliament.ge/files/Voting_Records/2013-IVg/261.docx 
2013-03-06	262-IIს	'საქართველოს ეროვნული ბანკის შესახებ' საქართველოს ორგანულ კანონში ცვლილების შეტანის თაობაზე 262-IIს,	http://parliament.ge/files/Voting_Records/2013-IVg/262.docx 
2013-03-06	263-IIს	'მიკროსაფინანსო ორგანიზაციების შესახებ' საქართველოს კანონში ცვლილების შეტანის თაობაზე 263-IIს,	http://parliament.ge/files/Voting_Records/2013-IVg/263.docx 
2013-01-18	205-რს	საქართველოს სისხლის სამართლის საპროცესო კოდექსში ცვლილების შეტანის შესახებ - 205-რს,	http://parliament.ge/files/Voting_Records/2013-I/205-rs.docx 
2013-01-18	206-რს	სახელმწიფო დაცვის სპეციალური სამსახურის შესახებ' საქართველოს კანონში ცვლილების შეტანის თაობაზე - 206-რს,	http://parliament.ge/files/Voting_Records/2013-I/206-rs.docx 
2013-01-18	209-რს	'საზოგადოებრივი საჭიროებისათვის გადაუდებელი აუცილებლობისას საკუთრების ჩამორთმევის წესის შესახებ' საქართველოს კანონში ცვლილების შეტანის თაობაზე' - 209-რს,	http://parliament.ge/files/Voting_Records/2013-I/209-rs.docx 
2012-12-28	202-რს	ამნისტიის შესახებ 202-რს,	http://parliament.ge/newsletter/2013/29.01.2013/kench/day21/202-Is.docx 
2012-12-28	187-რს	'უმაღლესი განათლების შესახებ' საქართველოს კანონში ცვლილების შეტანის თაობაზე 187-რს,	http://parliament.ge/newsletter/2013/29.01.2013/kench/day28/187-rs.docx 
2012-12-28	188-რს	'განათლების ხარისხის განვითარების შესახებ' საქართველოს კანონში ცვლილების შეტანის თაობაზე 188-რს,	http://parliament.ge/newsletter/2013/29.01.2013/kench/day28/188-rs.docx 
2012-12-28	189-რს	საქართველოს საგადასახადო კოდექსში ცვლილების შეტანის შესახებ 189-რს,	http://parliament.ge/newsletter/2013/29.01.2013/kench/day28/189-rs.docx 
2012-12-28	190-რს	'ნორმატიული აქტების შესახებ' საქართველოს კანონში ცვლილების შეტანის თაობაზე 190-რს,	http://parliament.ge/newsletter/2013/29.01.2013/kench/day28/190-rs.docx 
2012-12-28	191-რს	საქართველოს პარლამენტის რეგლამენტში ცვლილების შეტანის შესახებ 191-რს,	http://parliament.ge/newsletter/2013/29.01.2013/kench/day28/191-rs.docx 
2012-12-28	192-რს	'საერთო სასამართლოების შესახებ' საქართველოს ორგანულ კანონში ცვლილების შეტანის თაობაზე 192-რს,	http://parliament.ge/newsletter/2013/29.01.2013/kench/day28/192-rs.docx 
2012-12-28	193-რს	საქართველოს საერთო სასამართლოების მოსამართლეთა დისციპლინური პასუხისმგებლობისა და დისციპლინური სამართალწარმოების შესახებ' საქართველოს კანონში ცვლილების შეტანის თაობაზე 193-რს,	http://parliament.ge/newsletter/2013/29.01.2013/kench/day28/193-rs.docx 
2012-12-28	194-რს	საქართველოს პარლამენტის რეგლამენტში ცვლილების შეტანის შესახებ 194-რს,	http://parliament.ge/newsletter/2013/29.01.2013/kench/day28/194-rs.docx 
2012-12-28	195-რს	საქართველოს ორგანულ კანონში 'საქართველოს შრომის კოდექსი' ცვლილების შეტანის შესახებ 195-რს,	http://parliament.ge/newsletter/2013/29.01.2013/kench/day28/195-rs.docx 
2012-12-27	173-რს	'ზოგადი განათლების შესახებ' საქართველოს კანონში ცვლილების შეტანის თაობაზე 173-რს,	http://parliament.ge/newsletter/2013/29.01.2013/kench/day27/173-rs.docx 
2012-12-27	174-რს	'საგზაო მოძრაობის უსაფრთხოების შესახებ' საქართველოს კანონში ცვლილების შეტანის თაობაზე 174-რს,	http://parliament.ge/newsletter/2013/29.01.2013/kench/day27/174-rs.docx 
2012-12-26	156-რს	'მაუწყებლობის შესახებ' საქართველოს კანონში ცვლილების შეტანის თაობაზე - 156-რს,	http://parliament.ge/newsletter/2013/29.01.2013/kench/day26/156-rs.docx 
2012-12-26	157-რს	საქართველოს ორგანულ კანონში 'საქართველოს საარჩევნო კოდექსი' ცვლილების შეტანის შესახებ 157-რს,	http://parliament.ge/newsletter/2013/29.01.2013/kench/day26/157-rs.docx 
2012-12-21	132-Iს	'სახელმწიფო აუდიტის სამსახურის შესახებ' საქართველოს კანონში ცვლილების შეტანის თაობაზე - 132-Iს,	http://parliament.ge/newsletter/2013/29.01.2013/kench/day21/132-Is.docx 
2012-12-21	135-Iს	'ბუღალტრული აღრიცხვისა და ფინანსური ანგარიშგების აუდიტის შესახებ' საქართველოს კანონში ცვლილების შეტანის თაობაზე - 135-Iს,	http://parliament.ge/newsletter/2013/29.01.2013/kench/day21/135-Is.docx 
2012-12-21	136-Iს	საქართველოს საჰაერო კოდექსში ცვლილების შეტანის შესახებ - 136-Iს,	http://parliament.ge/newsletter/2013/29.01.2013/kench/day21/136-Is.docx 
2012-12-21	141-Iს	'უმაღლესი განათლების შესახებ' საქართველოს კანონში ცვლილების შეტანის თაობაზე - 141-Iს,	http://parliament.ge/newsletter/2013/29.01.2013/kench/day21/141-Is.docx 
2012-12-21	142-Iს	'გადახდისუუნარობის საქმის წარმოების შესახებ' საქართველოს კანონში ცვლილების შეტანის თაობაზე' საქართველოს კანონში ცვლილების შეტანის შესახებ - 142-Iს,	http://parliament.ge/newsletter/2013/29.01.2013/kench/day21/142-Is.docx 
2012-12-21	143-Iს	'საჯარო სამსახურის შესახებ' საქართველოს კანონში ცვლილების შეტანის თაობაზე' საქართველოს კანონში ცვლილების შეტანის შესახებ - 143-Iს,	http://parliament.ge/newsletter/2013/29.01.2013/kench/day21/143-Is.docx 
2012-12-21	144-Iს	სურსათის/ცხოველის საკვების უვნებლობის, ვეტერინარიისა და მცენარეთა დაცვის კოდექსში ცვლილების შეტანის შესახებ - 144-Iს,	http://parliament.ge/newsletter/2013/29.01.2013/kench/day21/144-Is.docx 
2012-12-21	154-Iს	საქართველოს ორგანულ კანონში 'საქართველოს საარჩევნო კოდექსი' ცვლილების შეტანის შესახებ - 154-Iს,	http://parliament.ge/newsletter/2013/29.01.2013/kench/day21/154-Is.docx 
2012-12-20	116-Iს	საქართველოს 2013 წლის სახელმწიფო ბიუჯეტის შესახებ - 116-Iს,	http://parliament.ge/newsletter/2013/29.01.2013/kench/day20/116-Is.docx 
2012-12-20	117-Iს	საქართველოს ზოგიერთ საკანონმდებლო აქტში ცვლილების შეტანის შესახებ - 117-Iს,	http://parliament.ge/newsletter/2013/29.01.2013/kench/day20/117-Is.docx 
2012-12-20	118-Iს	საქართველოს საგადასახადო კოდექსში ცვლილების შეტანის შესახებ - 118-Iს,	http://parliament.ge/newsletter/2013/29.01.2013/kench/day20/118-Is.docx 
2012-12-20	119-Iს	'საჯარო სამართლის იურიდიული პირის შესახებ' საქართველოს კანონში ცვლილების შეტანის თაობაზე - 119-Iს,	http://parliament.ge/newsletter/2013/29.01.2013/kench/day20/119-Is.docx 
2012-12-19	108-Iს	საქართველოს პარლამენტის რეგლამენტში ცვლილების შეტანის შესახებ - 108-Iს,	http://parliament.ge/newsletter/2013/29.01.2013/kench/day19/108-Is.docx 
2012-12-19	109-Iს	ადმინისტრაციული სახდელისაგან გათავისუფლების შესახებ - 109- Iს,	http://parliament.ge/newsletter/2013/29.01.2013/kench/day19/109-Is.docx 
2012-12-19	113-Iს	'საგადასახადო დავალიანებებისა და სახელმწიფო სესხების რესტრუქტურიზაციის შესახებ' საქართველოს კანონში ცვლილების შეტანის თაობაზე - 113- Iს,	http://parliament.ge/newsletter/2013/29.01.2013/kench/day19/113-Is.docx 
2012-12-19	114-Iს	პროდუქტის უსაფრთხოებისა და თავისუფალი მიმოქცევის კოდექსში ცვლილების შეტანის შესახებ - 114- Iს,	http://parliament.ge/newsletter/2013/29.01.2013/kench/day19/114-Is.docx 
2012-12-18	101-Iს	'საქართველოს სამხედრო ძალების რაოდენობის დამტკიცების შეს ახებ' ერთი მოსმე ნით - 101-Iს,	http://parliament.ge/newsletter/2013/29.01.2013/kench/day18/101-Is.docx 
2012-12-18	105-Iს	საქართველოს პარლამენტის რეგლამენტში ცვლილების შეტანის შესახებ - 105-Iს,	http://parliament.ge/newsletter/2013/29.01.2013/kench/day18/105-Is.docx 
2012-12-17	87-რს	'საქართველოს 2012 წლის სახელმწიფო ბიუჯეტის შესახებ' საქართველოს კანონში ცვლილების შეტანის თაობაზე - 87-რს,	http://parliament.ge/newsletter/2013/29.01.2013/kench/day17/87-Is.docx
